INFO - 2024-12-22 00:31:26 --> Session: Class initialized using 'CodeIgniter\Session\Handlers\FileHandler' driver.
INFO - 2024-12-22 00:31:47 --> Session: Class initialized using 'CodeIgniter\Session\Handlers\FileHandler' driver.
INFO - 2024-12-22 00:31:54 --> Session: Class initialized using 'CodeIgniter\Session\Handlers\FileHandler' driver.
INFO - 2024-12-22 00:53:10 --> Session: Class initialized using 'CodeIgniter\Session\Handlers\FileHandler' driver.
INFO - 2024-12-22 00:54:56 --> Session: Class initialized using 'CodeIgniter\Session\Handlers\FileHandler' driver.
INFO - 2024-12-22 00:55:40 --> Session: Class initialized using 'CodeIgniter\Session\Handlers\FileHandler' driver.
INFO - 2024-12-22 01:26:34 --> Session: Class initialized using 'CodeIgniter\Session\Handlers\FileHandler' driver.
INFO - 2024-12-22 01:52:11 --> Session: Class initialized using 'CodeIgniter\Session\Handlers\FileHandler' driver.
INFO - 2024-12-22 01:52:29 --> Session: Class initialized using 'CodeIgniter\Session\Handlers\FileHandler' driver.
INFO - 2024-12-22 01:52:34 --> Session: Class initialized using 'CodeIgniter\Session\Handlers\FileHandler' driver.
INFO - 2024-12-22 01:54:57 --> Session: Class initialized using 'CodeIgniter\Session\Handlers\FileHandler' driver.
INFO - 2024-12-22 01:54:59 --> Session: Class initialized using 'CodeIgniter\Session\Handlers\FileHandler' driver.
INFO - 2024-12-22 01:55:05 --> Session: Class initialized using 'CodeIgniter\Session\Handlers\FileHandler' driver.
INFO - 2024-12-22 02:00:20 --> Session: Class initialized using 'CodeIgniter\Session\Handlers\FileHandler' driver.
INFO - 2024-12-22 02:04:42 --> Session: Class initialized using 'CodeIgniter\Session\Handlers\FileHandler' driver.
INFO - 2024-12-22 02:06:15 --> Session: Class initialized using 'CodeIgniter\Session\Handlers\FileHandler' driver.
INFO - 2024-12-22 02:09:10 --> Session: Class initialized using 'CodeIgniter\Session\Handlers\FileHandler' driver.
INFO - 2024-12-22 02:10:23 --> Session: Class initialized using 'CodeIgniter\Session\Handlers\FileHandler' driver.
INFO - 2024-12-22 02:12:04 --> Session: Class initialized using 'CodeIgniter\Session\Handlers\FileHandler' driver.
INFO - 2024-12-22 02:12:24 --> Session: Class initialized using 'CodeIgniter\Session\Handlers\FileHandler' driver.
INFO - 2024-12-22 02:12:28 --> Session: Class initialized using 'CodeIgniter\Session\Handlers\FileHandler' driver.
INFO - 2024-12-22 02:15:34 --> Session: Class initialized using 'CodeIgniter\Session\Handlers\FileHandler' driver.
INFO - 2024-12-22 02:17:10 --> Session: Class initialized using 'CodeIgniter\Session\Handlers\FileHandler' driver.
INFO - 2024-12-22 02:18:20 --> Session: Class initialized using 'CodeIgniter\Session\Handlers\FileHandler' driver.
INFO - 2024-12-22 02:19:04 --> Session: Class initialized using 'CodeIgniter\Session\Handlers\FileHandler' driver.
INFO - 2024-12-22 02:19:28 --> Session: Class initialized using 'CodeIgniter\Session\Handlers\FileHandler' driver.
INFO - 2024-12-22 02:19:35 --> Session: Class initialized using 'CodeIgniter\Session\Handlers\FileHandler' driver.
INFO - 2024-12-22 02:19:35 --> Session: Class initialized using 'CodeIgniter\Session\Handlers\FileHandler' driver.
INFO - 2024-12-22 02:22:42 --> Session: Class initialized using 'CodeIgniter\Session\Handlers\FileHandler' driver.
INFO - 2024-12-22 02:32:33 --> Session: Class initialized using 'CodeIgniter\Session\Handlers\FileHandler' driver.
INFO - 2024-12-22 02:37:38 --> Session: Class initialized using 'CodeIgniter\Session\Handlers\FileHandler' driver.
INFO - 2024-12-22 02:39:47 --> Session: Class initialized using 'CodeIgniter\Session\Handlers\FileHandler' driver.
INFO - 2024-12-22 02:40:04 --> Session: Class initialized using 'CodeIgniter\Session\Handlers\FileHandler' driver.
INFO - 2024-12-22 02:41:17 --> Session: Class initialized using 'CodeIgniter\Session\Handlers\FileHandler' driver.
INFO - 2024-12-22 02:42:53 --> Session: Class initialized using 'CodeIgniter\Session\Handlers\FileHandler' driver.
INFO - 2024-12-22 02:45:44 --> Session: Class initialized using 'CodeIgniter\Session\Handlers\FileHandler' driver.
INFO - 2024-12-22 02:45:47 --> Session: Class initialized using 'CodeIgniter\Session\Handlers\FileHandler' driver.
INFO - 2024-12-22 02:45:49 --> Session: Class initialized using 'CodeIgniter\Session\Handlers\FileHandler' driver.
INFO - 2024-12-22 02:45:51 --> Session: Class initialized using 'CodeIgniter\Session\Handlers\FileHandler' driver.
INFO - 2024-12-22 02:45:53 --> Session: Class initialized using 'CodeIgniter\Session\Handlers\FileHandler' driver.
INFO - 2024-12-22 02:45:55 --> Session: Class initialized using 'CodeIgniter\Session\Handlers\FileHandler' driver.
INFO - 2024-12-22 02:45:58 --> Session: Class initialized using 'CodeIgniter\Session\Handlers\FileHandler' driver.
INFO - 2024-12-22 02:46:01 --> Session: Class initialized using 'CodeIgniter\Session\Handlers\FileHandler' driver.
INFO - 2024-12-22 02:46:04 --> Session: Class initialized using 'CodeIgniter\Session\Handlers\FileHandler' driver.
INFO - 2024-12-22 02:46:06 --> Session: Class initialized using 'CodeIgniter\Session\Handlers\FileHandler' driver.
INFO - 2024-12-22 02:46:08 --> Session: Class initialized using 'CodeIgniter\Session\Handlers\FileHandler' driver.
INFO - 2024-12-22 02:46:13 --> Session: Class initialized using 'CodeIgniter\Session\Handlers\FileHandler' driver.
INFO - 2024-12-22 02:46:26 --> Session: Class initialized using 'CodeIgniter\Session\Handlers\FileHandler' driver.
INFO - 2024-12-22 02:46:49 --> Session: Class initialized using 'CodeIgniter\Session\Handlers\FileHandler' driver.
INFO - 2024-12-22 02:47:28 --> Session: Class initialized using 'CodeIgniter\Session\Handlers\FileHandler' driver.
INFO - 2024-12-22 02:48:13 --> Session: Class initialized using 'CodeIgniter\Session\Handlers\FileHandler' driver.
INFO - 2024-12-22 02:48:22 --> Session: Class initialized using 'CodeIgniter\Session\Handlers\FileHandler' driver.
INFO - 2024-12-22 02:48:24 --> Session: Class initialized using 'CodeIgniter\Session\Handlers\FileHandler' driver.
INFO - 2024-12-22 03:20:15 --> Session: Class initialized using 'CodeIgniter\Session\Handlers\FileHandler' driver.
INFO - 2024-12-22 03:20:53 --> Session: Class initialized using 'CodeIgniter\Session\Handlers\FileHandler' driver.
INFO - 2024-12-22 03:21:06 --> Session: Class initialized using 'CodeIgniter\Session\Handlers\FileHandler' driver.
INFO - 2024-12-22 03:24:35 --> Session: Class initialized using 'CodeIgniter\Session\Handlers\FileHandler' driver.
INFO - 2024-12-22 03:24:39 --> Session: Class initialized using 'CodeIgniter\Session\Handlers\FileHandler' driver.
INFO - 2024-12-22 03:25:45 --> Session: Class initialized using 'CodeIgniter\Session\Handlers\FileHandler' driver.
INFO - 2024-12-22 03:26:08 --> Session: Class initialized using 'CodeIgniter\Session\Handlers\FileHandler' driver.
INFO - 2024-12-22 03:27:10 --> Session: Class initialized using 'CodeIgniter\Session\Handlers\FileHandler' driver.
INFO - 2024-12-22 03:31:55 --> Session: Class initialized using 'CodeIgniter\Session\Handlers\FileHandler' driver.
INFO - 2024-12-22 03:33:29 --> Session: Class initialized using 'CodeIgniter\Session\Handlers\FileHandler' driver.
INFO - 2024-12-22 03:37:00 --> Session: Class initialized using 'CodeIgniter\Session\Handlers\FileHandler' driver.
INFO - 2024-12-22 03:37:07 --> Session: Class initialized using 'CodeIgniter\Session\Handlers\FileHandler' driver.
INFO - 2024-12-22 03:37:34 --> Session: Class initialized using 'CodeIgniter\Session\Handlers\FileHandler' driver.
INFO - 2024-12-22 03:37:42 --> Session: Class initialized using 'CodeIgniter\Session\Handlers\FileHandler' driver.
INFO - 2024-12-22 03:38:20 --> Session: Class initialized using 'CodeIgniter\Session\Handlers\FileHandler' driver.
INFO - 2024-12-22 03:38:25 --> Session: Class initialized using 'CodeIgniter\Session\Handlers\FileHandler' driver.
INFO - 2024-12-22 03:38:25 --> Session: Class initialized using 'CodeIgniter\Session\Handlers\FileHandler' driver.
INFO - 2024-12-22 03:39:41 --> Session: Class initialized using 'CodeIgniter\Session\Handlers\FileHandler' driver.
INFO - 2024-12-22 03:39:54 --> Session: Class initialized using 'CodeIgniter\Session\Handlers\FileHandler' driver.
INFO - 2024-12-22 03:39:55 --> Session: Class initialized using 'CodeIgniter\Session\Handlers\FileHandler' driver.
INFO - 2024-12-22 03:41:09 --> Session: Class initialized using 'CodeIgniter\Session\Handlers\FileHandler' driver.
INFO - 2024-12-22 03:41:48 --> Session: Class initialized using 'CodeIgniter\Session\Handlers\FileHandler' driver.
INFO - 2024-12-22 03:41:50 --> Session: Class initialized using 'CodeIgniter\Session\Handlers\FileHandler' driver.
INFO - 2024-12-22 03:41:53 --> Session: Class initialized using 'CodeIgniter\Session\Handlers\FileHandler' driver.
INFO - 2024-12-22 03:41:55 --> Session: Class initialized using 'CodeIgniter\Session\Handlers\FileHandler' driver.
INFO - 2024-12-22 03:41:59 --> Session: Class initialized using 'CodeIgniter\Session\Handlers\FileHandler' driver.
INFO - 2024-12-22 03:42:06 --> Session: Class initialized using 'CodeIgniter\Session\Handlers\FileHandler' driver.
INFO - 2024-12-22 03:42:08 --> Session: Class initialized using 'CodeIgniter\Session\Handlers\FileHandler' driver.
INFO - 2024-12-22 03:42:10 --> Session: Class initialized using 'CodeIgniter\Session\Handlers\FileHandler' driver.
INFO - 2024-12-22 03:42:15 --> Session: Class initialized using 'CodeIgniter\Session\Handlers\FileHandler' driver.
INFO - 2024-12-22 03:42:40 --> Session: Class initialized using 'CodeIgniter\Session\Handlers\FileHandler' driver.
INFO - 2024-12-22 03:42:42 --> Session: Class initialized using 'CodeIgniter\Session\Handlers\FileHandler' driver.
INFO - 2024-12-22 03:42:44 --> Session: Class initialized using 'CodeIgniter\Session\Handlers\FileHandler' driver.
INFO - 2024-12-22 03:42:49 --> Session: Class initialized using 'CodeIgniter\Session\Handlers\FileHandler' driver.
INFO - 2024-12-22 03:42:51 --> Session: Class initialized using 'CodeIgniter\Session\Handlers\FileHandler' driver.
INFO - 2024-12-22 03:43:26 --> Session: Class initialized using 'CodeIgniter\Session\Handlers\FileHandler' driver.
INFO - 2024-12-22 03:44:53 --> Session: Class initialized using 'CodeIgniter\Session\Handlers\FileHandler' driver.
INFO - 2024-12-22 03:45:20 --> Session: Class initialized using 'CodeIgniter\Session\Handlers\FileHandler' driver.
INFO - 2024-12-22 03:45:25 --> Session: Class initialized using 'CodeIgniter\Session\Handlers\FileHandler' driver.
INFO - 2024-12-22 03:45:28 --> Session: Class initialized using 'CodeIgniter\Session\Handlers\FileHandler' driver.
INFO - 2024-12-22 03:45:30 --> Session: Class initialized using 'CodeIgniter\Session\Handlers\FileHandler' driver.
INFO - 2024-12-22 03:45:33 --> Session: Class initialized using 'CodeIgniter\Session\Handlers\FileHandler' driver.
INFO - 2024-12-22 03:50:26 --> Session: Class initialized using 'CodeIgniter\Session\Handlers\FileHandler' driver.
INFO - 2024-12-22 03:50:43 --> Session: Class initialized using 'CodeIgniter\Session\Handlers\FileHandler' driver.
INFO - 2024-12-22 03:52:16 --> Session: Class initialized using 'CodeIgniter\Session\Handlers\FileHandler' driver.
INFO - 2024-12-22 03:52:27 --> Session: Class initialized using 'CodeIgniter\Session\Handlers\FileHandler' driver.
INFO - 2024-12-22 03:53:23 --> Session: Class initialized using 'CodeIgniter\Session\Handlers\FileHandler' driver.
INFO - 2024-12-22 03:53:59 --> Session: Class initialized using 'CodeIgniter\Session\Handlers\FileHandler' driver.
INFO - 2024-12-22 03:57:55 --> Session: Class initialized using 'CodeIgniter\Session\Handlers\FileHandler' driver.
INFO - 2024-12-22 03:59:23 --> Session: Class initialized using 'CodeIgniter\Session\Handlers\FileHandler' driver.
INFO - 2024-12-22 03:59:36 --> Session: Class initialized using 'CodeIgniter\Session\Handlers\FileHandler' driver.
INFO - 2024-12-22 04:00:01 --> Session: Class initialized using 'CodeIgniter\Session\Handlers\FileHandler' driver.
INFO - 2024-12-22 04:00:10 --> Session: Class initialized using 'CodeIgniter\Session\Handlers\FileHandler' driver.
INFO - 2024-12-22 04:00:19 --> Session: Class initialized using 'CodeIgniter\Session\Handlers\FileHandler' driver.
INFO - 2024-12-22 04:01:25 --> Session: Class initialized using 'CodeIgniter\Session\Handlers\FileHandler' driver.
INFO - 2024-12-22 04:01:37 --> Session: Class initialized using 'CodeIgniter\Session\Handlers\FileHandler' driver.
INFO - 2024-12-22 04:02:38 --> Session: Class initialized using 'CodeIgniter\Session\Handlers\FileHandler' driver.
CRITICAL - 2024-12-22 04:02:42 --> ErrorException: Undefined variable $judul
[Method: GET, Route: dashboard]
in APPPATH\Views\layout\header.php on line 11.
 1 APPPATH\Views\layout\header.php(11): CodeIgniter\Debug\Exceptions->errorHandler(2, 'Undefined variable $judul', 'F:\\XAMPP\\htdocs\\Tugas Akhir\\app\\Views\\layout\\header.php', 11)
 2 SYSTEMPATH\View\View.php(234): include('F:\\XAMPP\\htdocs\\Tugas Akhir\\app\\Views\\layout\\header.php')
 3 SYSTEMPATH\View\View.php(237): CodeIgniter\View\View->CodeIgniter\View\{closure}()
 4 SYSTEMPATH\Common.php(1171): CodeIgniter\View\View->render('layout/header', [], true)
 5 APPPATH\Controllers\Home.php(9): view('layout/header')
 6 SYSTEMPATH\CodeIgniter.php(933): App\Controllers\Home->dashboard()
 7 SYSTEMPATH\CodeIgniter.php(509): CodeIgniter\CodeIgniter->runController(Object(App\Controllers\Home))
 8 SYSTEMPATH\CodeIgniter.php(355): CodeIgniter\CodeIgniter->handleRequest(null, Object(Config\Cache), false)
 9 SYSTEMPATH\Boot.php(325): CodeIgniter\CodeIgniter->run()
10 SYSTEMPATH\Boot.php(67): CodeIgniter\Boot::runCodeIgniter(Object(CodeIgniter\CodeIgniter))
11 FCPATH\index.php(56): CodeIgniter\Boot::bootWeb(Object(Config\Paths))
12 SYSTEMPATH\rewrite.php(44): require_once('F:\\XAMPP\\htdocs\\Tugas Akhir\\public\\index.php')
CRITICAL - 2024-12-22 04:03:08 --> ErrorException: Undefined variable $judul
[Method: GET, Route: dashboard]
in APPPATH\Views\layout\header.php on line 11.
 1 APPPATH\Views\layout\header.php(11): CodeIgniter\Debug\Exceptions->errorHandler(2, 'Undefined variable $judul', 'F:\\XAMPP\\htdocs\\Tugas Akhir\\app\\Views\\layout\\header.php', 11)
 2 SYSTEMPATH\View\View.php(234): include('F:\\XAMPP\\htdocs\\Tugas Akhir\\app\\Views\\layout\\header.php')
 3 SYSTEMPATH\View\View.php(237): CodeIgniter\View\View->CodeIgniter\View\{closure}()
 4 SYSTEMPATH\Common.php(1171): CodeIgniter\View\View->render('layout/header', [], true)
 5 APPPATH\Controllers\Home.php(9): view('layout/header')
 6 SYSTEMPATH\CodeIgniter.php(933): App\Controllers\Home->dashboard()
 7 SYSTEMPATH\CodeIgniter.php(509): CodeIgniter\CodeIgniter->runController(Object(App\Controllers\Home))
 8 SYSTEMPATH\CodeIgniter.php(355): CodeIgniter\CodeIgniter->handleRequest(null, Object(Config\Cache), false)
 9 SYSTEMPATH\Boot.php(325): CodeIgniter\CodeIgniter->run()
10 SYSTEMPATH\Boot.php(67): CodeIgniter\Boot::runCodeIgniter(Object(CodeIgniter\CodeIgniter))
11 FCPATH\index.php(56): CodeIgniter\Boot::bootWeb(Object(Config\Paths))
12 SYSTEMPATH\rewrite.php(44): require_once('F:\\XAMPP\\htdocs\\Tugas Akhir\\public\\index.php')
CRITICAL - 2024-12-22 04:03:10 --> ErrorException: Undefined variable $judul
[Method: GET, Route: dashboard]
in APPPATH\Views\layout\header.php on line 11.
 1 APPPATH\Views\layout\header.php(11): CodeIgniter\Debug\Exceptions->errorHandler(2, 'Undefined variable $judul', 'F:\\XAMPP\\htdocs\\Tugas Akhir\\app\\Views\\layout\\header.php', 11)
 2 SYSTEMPATH\View\View.php(234): include('F:\\XAMPP\\htdocs\\Tugas Akhir\\app\\Views\\layout\\header.php')
 3 SYSTEMPATH\View\View.php(237): CodeIgniter\View\View->CodeIgniter\View\{closure}()
 4 SYSTEMPATH\Common.php(1171): CodeIgniter\View\View->render('layout/header', [], true)
 5 APPPATH\Controllers\Home.php(9): view('layout/header')
 6 SYSTEMPATH\CodeIgniter.php(933): App\Controllers\Home->dashboard()
 7 SYSTEMPATH\CodeIgniter.php(509): CodeIgniter\CodeIgniter->runController(Object(App\Controllers\Home))
 8 SYSTEMPATH\CodeIgniter.php(355): CodeIgniter\CodeIgniter->handleRequest(null, Object(Config\Cache), false)
 9 SYSTEMPATH\Boot.php(325): CodeIgniter\CodeIgniter->run()
10 SYSTEMPATH\Boot.php(67): CodeIgniter\Boot::runCodeIgniter(Object(CodeIgniter\CodeIgniter))
11 FCPATH\index.php(56): CodeIgniter\Boot::bootWeb(Object(Config\Paths))
12 SYSTEMPATH\rewrite.php(44): require_once('F:\\XAMPP\\htdocs\\Tugas Akhir\\public\\index.php')
CRITICAL - 2024-12-22 04:03:19 --> ErrorException: Undefined variable $judul
[Method: GET, Route: dashboard]
in APPPATH\Views\layout\header.php on line 11.
 1 APPPATH\Views\layout\header.php(11): CodeIgniter\Debug\Exceptions->errorHandler(2, 'Undefined variable $judul', 'F:\\XAMPP\\htdocs\\Tugas Akhir\\app\\Views\\layout\\header.php', 11)
 2 SYSTEMPATH\View\View.php(234): include('F:\\XAMPP\\htdocs\\Tugas Akhir\\app\\Views\\layout\\header.php')
 3 SYSTEMPATH\View\View.php(237): CodeIgniter\View\View->CodeIgniter\View\{closure}()
 4 SYSTEMPATH\Common.php(1171): CodeIgniter\View\View->render('layout/header', [], true)
 5 APPPATH\Controllers\Home.php(9): view('layout/header')
 6 SYSTEMPATH\CodeIgniter.php(933): App\Controllers\Home->dashboard()
 7 SYSTEMPATH\CodeIgniter.php(509): CodeIgniter\CodeIgniter->runController(Object(App\Controllers\Home))
 8 SYSTEMPATH\CodeIgniter.php(355): CodeIgniter\CodeIgniter->handleRequest(null, Object(Config\Cache), false)
 9 SYSTEMPATH\Boot.php(325): CodeIgniter\CodeIgniter->run()
10 SYSTEMPATH\Boot.php(67): CodeIgniter\Boot::runCodeIgniter(Object(CodeIgniter\CodeIgniter))
11 FCPATH\index.php(56): CodeIgniter\Boot::bootWeb(Object(Config\Paths))
12 SYSTEMPATH\rewrite.php(44): require_once('F:\\XAMPP\\htdocs\\Tugas Akhir\\public\\index.php')
CRITICAL - 2024-12-22 04:04:39 --> ErrorException: Undefined variable $judul
[Method: GET, Route: dashboard]
in APPPATH\Views\layout\header.php on line 11.
 1 APPPATH\Views\layout\header.php(11): CodeIgniter\Debug\Exceptions->errorHandler(2, 'Undefined variable $judul', 'F:\\XAMPP\\htdocs\\Tugas Akhir\\app\\Views\\layout\\header.php', 11)
 2 SYSTEMPATH\View\View.php(234): include('F:\\XAMPP\\htdocs\\Tugas Akhir\\app\\Views\\layout\\header.php')
 3 SYSTEMPATH\View\View.php(237): CodeIgniter\View\View->CodeIgniter\View\{closure}()
 4 SYSTEMPATH\Common.php(1171): CodeIgniter\View\View->render('layout/header', [], true)
 5 APPPATH\Controllers\Home.php(12): view('layout/header')
 6 SYSTEMPATH\CodeIgniter.php(933): App\Controllers\Home->dashboard()
 7 SYSTEMPATH\CodeIgniter.php(509): CodeIgniter\CodeIgniter->runController(Object(App\Controllers\Home))
 8 SYSTEMPATH\CodeIgniter.php(355): CodeIgniter\CodeIgniter->handleRequest(null, Object(Config\Cache), false)
 9 SYSTEMPATH\Boot.php(325): CodeIgniter\CodeIgniter->run()
10 SYSTEMPATH\Boot.php(67): CodeIgniter\Boot::runCodeIgniter(Object(CodeIgniter\CodeIgniter))
11 FCPATH\index.php(56): CodeIgniter\Boot::bootWeb(Object(Config\Paths))
12 SYSTEMPATH\rewrite.php(44): require_once('F:\\XAMPP\\htdocs\\Tugas Akhir\\public\\index.php')
CRITICAL - 2024-12-22 04:04:43 --> ErrorException: Undefined variable $judul
[Method: GET, Route: dashboard]
in APPPATH\Views\layout\header.php on line 11.
 1 APPPATH\Views\layout\header.php(11): CodeIgniter\Debug\Exceptions->errorHandler(2, 'Undefined variable $judul', 'F:\\XAMPP\\htdocs\\Tugas Akhir\\app\\Views\\layout\\header.php', 11)
 2 SYSTEMPATH\View\View.php(234): include('F:\\XAMPP\\htdocs\\Tugas Akhir\\app\\Views\\layout\\header.php')
 3 SYSTEMPATH\View\View.php(237): CodeIgniter\View\View->CodeIgniter\View\{closure}()
 4 SYSTEMPATH\Common.php(1171): CodeIgniter\View\View->render('layout/header', [], true)
 5 APPPATH\Controllers\Home.php(12): view('layout/header')
 6 SYSTEMPATH\CodeIgniter.php(933): App\Controllers\Home->dashboard()
 7 SYSTEMPATH\CodeIgniter.php(509): CodeIgniter\CodeIgniter->runController(Object(App\Controllers\Home))
 8 SYSTEMPATH\CodeIgniter.php(355): CodeIgniter\CodeIgniter->handleRequest(null, Object(Config\Cache), false)
 9 SYSTEMPATH\Boot.php(325): CodeIgniter\CodeIgniter->run()
10 SYSTEMPATH\Boot.php(67): CodeIgniter\Boot::runCodeIgniter(Object(CodeIgniter\CodeIgniter))
11 FCPATH\index.php(56): CodeIgniter\Boot::bootWeb(Object(Config\Paths))
12 SYSTEMPATH\rewrite.php(44): require_once('F:\\XAMPP\\htdocs\\Tugas Akhir\\public\\index.php')
INFO - 2024-12-22 04:05:10 --> Session: Class initialized using 'CodeIgniter\Session\Handlers\FileHandler' driver.
INFO - 2024-12-22 04:05:32 --> Session: Class initialized using 'CodeIgniter\Session\Handlers\FileHandler' driver.
INFO - 2024-12-22 05:04:43 --> Session: Class initialized using 'CodeIgniter\Session\Handlers\FileHandler' driver.
INFO - 2024-12-22 05:21:24 --> Session: Class initialized using 'CodeIgniter\Session\Handlers\FileHandler' driver.
INFO - 2024-12-22 05:34:03 --> Session: Class initialized using 'CodeIgniter\Session\Handlers\FileHandler' driver.
INFO - 2024-12-22 05:34:20 --> Session: Class initialized using 'CodeIgniter\Session\Handlers\FileHandler' driver.
INFO - 2024-12-22 05:34:22 --> Session: Class initialized using 'CodeIgniter\Session\Handlers\FileHandler' driver.
INFO - 2024-12-22 05:39:36 --> Session: Class initialized using 'CodeIgniter\Session\Handlers\FileHandler' driver.
INFO - 2024-12-22 05:40:05 --> Session: Class initialized using 'CodeIgniter\Session\Handlers\FileHandler' driver.
INFO - 2024-12-22 05:50:57 --> Session: Class initialized using 'CodeIgniter\Session\Handlers\FileHandler' driver.
INFO - 2024-12-22 05:52:21 --> Session: Class initialized using 'CodeIgniter\Session\Handlers\FileHandler' driver.
INFO - 2024-12-22 05:54:28 --> Session: Class initialized using 'CodeIgniter\Session\Handlers\FileHandler' driver.
INFO - 2024-12-22 05:56:08 --> Session: Class initialized using 'CodeIgniter\Session\Handlers\FileHandler' driver.
INFO - 2024-12-22 05:56:49 --> Session: Class initialized using 'CodeIgniter\Session\Handlers\FileHandler' driver.
INFO - 2024-12-22 05:57:08 --> Session: Class initialized using 'CodeIgniter\Session\Handlers\FileHandler' driver.
INFO - 2024-12-22 05:57:30 --> Session: Class initialized using 'CodeIgniter\Session\Handlers\FileHandler' driver.
INFO - 2024-12-22 06:07:04 --> Session: Class initialized using 'CodeIgniter\Session\Handlers\FileHandler' driver.
INFO - 2024-12-22 06:14:56 --> Session: Class initialized using 'CodeIgniter\Session\Handlers\FileHandler' driver.
INFO - 2024-12-22 06:15:11 --> Session: Class initialized using 'CodeIgniter\Session\Handlers\FileHandler' driver.
INFO - 2024-12-22 06:15:11 --> Session: Class initialized using 'CodeIgniter\Session\Handlers\FileHandler' driver.
INFO - 2024-12-22 06:15:16 --> Session: Class initialized using 'CodeIgniter\Session\Handlers\FileHandler' driver.
INFO - 2024-12-22 06:15:16 --> Session: Class initialized using 'CodeIgniter\Session\Handlers\FileHandler' driver.
INFO - 2024-12-22 06:15:46 --> Session: Class initialized using 'CodeIgniter\Session\Handlers\FileHandler' driver.
INFO - 2024-12-22 06:15:47 --> Session: Class initialized using 'CodeIgniter\Session\Handlers\FileHandler' driver.
INFO - 2024-12-22 06:15:52 --> Session: Class initialized using 'CodeIgniter\Session\Handlers\FileHandler' driver.
INFO - 2024-12-22 06:15:59 --> Session: Class initialized using 'CodeIgniter\Session\Handlers\FileHandler' driver.
INFO - 2024-12-22 06:15:59 --> Session: Class initialized using 'CodeIgniter\Session\Handlers\FileHandler' driver.
INFO - 2024-12-22 06:16:15 --> Session: Class initialized using 'CodeIgniter\Session\Handlers\FileHandler' driver.
INFO - 2024-12-22 06:16:15 --> Session: Class initialized using 'CodeIgniter\Session\Handlers\FileHandler' driver.
INFO - 2024-12-22 06:16:18 --> Session: Class initialized using 'CodeIgniter\Session\Handlers\FileHandler' driver.
INFO - 2024-12-22 06:16:41 --> Session: Class initialized using 'CodeIgniter\Session\Handlers\FileHandler' driver.
INFO - 2024-12-22 06:16:44 --> Session: Class initialized using 'CodeIgniter\Session\Handlers\FileHandler' driver.
INFO - 2024-12-22 06:16:46 --> Session: Class initialized using 'CodeIgniter\Session\Handlers\FileHandler' driver.
INFO - 2024-12-22 06:16:50 --> Session: Class initialized using 'CodeIgniter\Session\Handlers\FileHandler' driver.
INFO - 2024-12-22 06:16:51 --> Session: Class initialized using 'CodeIgniter\Session\Handlers\FileHandler' driver.
INFO - 2024-12-22 06:20:54 --> Session: Class initialized using 'CodeIgniter\Session\Handlers\FileHandler' driver.
INFO - 2024-12-22 06:23:03 --> Session: Class initialized using 'CodeIgniter\Session\Handlers\FileHandler' driver.
INFO - 2024-12-22 06:23:47 --> Session: Class initialized using 'CodeIgniter\Session\Handlers\FileHandler' driver.
INFO - 2024-12-22 06:25:47 --> Session: Class initialized using 'CodeIgniter\Session\Handlers\FileHandler' driver.
INFO - 2024-12-22 06:26:45 --> Session: Class initialized using 'CodeIgniter\Session\Handlers\FileHandler' driver.
INFO - 2024-12-22 06:27:16 --> Session: Class initialized using 'CodeIgniter\Session\Handlers\FileHandler' driver.
INFO - 2024-12-22 06:27:37 --> Session: Class initialized using 'CodeIgniter\Session\Handlers\FileHandler' driver.
INFO - 2024-12-22 06:27:56 --> Session: Class initialized using 'CodeIgniter\Session\Handlers\FileHandler' driver.
INFO - 2024-12-22 06:28:13 --> Session: Class initialized using 'CodeIgniter\Session\Handlers\FileHandler' driver.
INFO - 2024-12-22 06:28:28 --> Session: Class initialized using 'CodeIgniter\Session\Handlers\FileHandler' driver.
INFO - 2024-12-22 06:29:36 --> Session: Class initialized using 'CodeIgniter\Session\Handlers\FileHandler' driver.
INFO - 2024-12-22 06:30:51 --> Session: Class initialized using 'CodeIgniter\Session\Handlers\FileHandler' driver.
INFO - 2024-12-22 06:32:25 --> Session: Class initialized using 'CodeIgniter\Session\Handlers\FileHandler' driver.
INFO - 2024-12-22 06:33:37 --> Session: Class initialized using 'CodeIgniter\Session\Handlers\FileHandler' driver.
INFO - 2024-12-22 06:33:55 --> Session: Class initialized using 'CodeIgniter\Session\Handlers\FileHandler' driver.
INFO - 2024-12-22 06:34:20 --> Session: Class initialized using 'CodeIgniter\Session\Handlers\FileHandler' driver.
INFO - 2024-12-22 06:34:26 --> Session: Class initialized using 'CodeIgniter\Session\Handlers\FileHandler' driver.
INFO - 2024-12-22 06:34:44 --> Session: Class initialized using 'CodeIgniter\Session\Handlers\FileHandler' driver.
INFO - 2024-12-22 06:36:09 --> Session: Class initialized using 'CodeIgniter\Session\Handlers\FileHandler' driver.
INFO - 2024-12-22 06:36:09 --> Session: Class initialized using 'CodeIgniter\Session\Handlers\FileHandler' driver.
INFO - 2024-12-22 06:37:03 --> Session: Class initialized using 'CodeIgniter\Session\Handlers\FileHandler' driver.
INFO - 2024-12-22 06:37:08 --> Session: Class initialized using 'CodeIgniter\Session\Handlers\FileHandler' driver.
INFO - 2024-12-22 06:37:08 --> Session: Class initialized using 'CodeIgniter\Session\Handlers\FileHandler' driver.
INFO - 2024-12-22 06:37:14 --> Session: Class initialized using 'CodeIgniter\Session\Handlers\FileHandler' driver.
INFO - 2024-12-22 06:40:54 --> Session: Class initialized using 'CodeIgniter\Session\Handlers\FileHandler' driver.
INFO - 2024-12-22 06:40:59 --> Session: Class initialized using 'CodeIgniter\Session\Handlers\FileHandler' driver.
INFO - 2024-12-22 06:41:19 --> Session: Class initialized using 'CodeIgniter\Session\Handlers\FileHandler' driver.
INFO - 2024-12-22 06:41:19 --> Session: Class initialized using 'CodeIgniter\Session\Handlers\FileHandler' driver.
INFO - 2024-12-22 06:45:26 --> Session: Class initialized using 'CodeIgniter\Session\Handlers\FileHandler' driver.
INFO - 2024-12-22 07:33:27 --> Session: Class initialized using 'CodeIgniter\Session\Handlers\FileHandler' driver.
INFO - 2024-12-22 07:33:29 --> Session: Class initialized using 'CodeIgniter\Session\Handlers\FileHandler' driver.
CRITICAL - 2024-12-22 07:33:36 --> ParseError: Unclosed '{' on line 19
[Method: GET, Route: buku/tampilanBuku]
in APPPATH\Controllers\BooksController.php on line 144.
 1 SYSTEMPATH\Autoloader\Autoloader.php(296): CodeIgniter\Autoloader\Autoloader->includeFile('F:\\XAMPP\\htdocs\\Tugas Akhir\\app\\Controllers\\BooksController.php')
 2 SYSTEMPATH\Autoloader\Autoloader.php(272): CodeIgniter\Autoloader\Autoloader->loadInNamespace('App\\Controllers\\BooksController')
 3 [internal function]: CodeIgniter\Autoloader\Autoloader->loadClass('App\\Controllers\\BooksController')
 4 SYSTEMPATH\CodeIgniter.php(887): class_exists('\\App\\Controllers\\BooksController', true)
 5 SYSTEMPATH\CodeIgniter.php(496): CodeIgniter\CodeIgniter->startController()
 6 SYSTEMPATH\CodeIgniter.php(355): CodeIgniter\CodeIgniter->handleRequest(null, Object(Config\Cache), false)
 7 SYSTEMPATH\Boot.php(325): CodeIgniter\CodeIgniter->run()
 8 SYSTEMPATH\Boot.php(67): CodeIgniter\Boot::runCodeIgniter(Object(CodeIgniter\CodeIgniter))
 9 FCPATH\index.php(56): CodeIgniter\Boot::bootWeb(Object(Config\Paths))
10 SYSTEMPATH\rewrite.php(44): require_once('F:\\XAMPP\\htdocs\\Tugas Akhir\\public\\index.php')
INFO - 2024-12-22 09:11:14 --> Session: Class initialized using 'CodeIgniter\Session\Handlers\FileHandler' driver.
INFO - 2024-12-22 09:12:24 --> Session: Class initialized using 'CodeIgniter\Session\Handlers\FileHandler' driver.
INFO - 2024-12-22 09:12:28 --> Session: Class initialized using 'CodeIgniter\Session\Handlers\FileHandler' driver.
INFO - 2024-12-22 09:12:33 --> Session: Class initialized using 'CodeIgniter\Session\Handlers\FileHandler' driver.
INFO - 2024-12-22 09:12:35 --> Session: Class initialized using 'CodeIgniter\Session\Handlers\FileHandler' driver.
INFO - 2024-12-22 09:12:38 --> Session: Class initialized using 'CodeIgniter\Session\Handlers\FileHandler' driver.
INFO - 2024-12-22 09:12:43 --> Session: Class initialized using 'CodeIgniter\Session\Handlers\FileHandler' driver.
INFO - 2024-12-22 09:12:45 --> Session: Class initialized using 'CodeIgniter\Session\Handlers\FileHandler' driver.
INFO - 2024-12-22 09:12:49 --> Session: Class initialized using 'CodeIgniter\Session\Handlers\FileHandler' driver.
INFO - 2024-12-22 09:12:58 --> Session: Class initialized using 'CodeIgniter\Session\Handlers\FileHandler' driver.
INFO - 2024-12-22 09:13:00 --> Session: Class initialized using 'CodeIgniter\Session\Handlers\FileHandler' driver.
INFO - 2024-12-22 09:13:03 --> Session: Class initialized using 'CodeIgniter\Session\Handlers\FileHandler' driver.
INFO - 2024-12-22 09:13:11 --> Session: Class initialized using 'CodeIgniter\Session\Handlers\FileHandler' driver.
INFO - 2024-12-22 09:13:17 --> Session: Class initialized using 'CodeIgniter\Session\Handlers\FileHandler' driver.
INFO - 2024-12-22 09:13:24 --> Session: Class initialized using 'CodeIgniter\Session\Handlers\FileHandler' driver.
INFO - 2024-12-22 09:13:37 --> Session: Class initialized using 'CodeIgniter\Session\Handlers\FileHandler' driver.
INFO - 2024-12-22 09:13:40 --> Session: Class initialized using 'CodeIgniter\Session\Handlers\FileHandler' driver.
INFO - 2024-12-22 09:13:43 --> Session: Class initialized using 'CodeIgniter\Session\Handlers\FileHandler' driver.
INFO - 2024-12-22 09:28:04 --> Session: Class initialized using 'CodeIgniter\Session\Handlers\FileHandler' driver.
INFO - 2024-12-22 09:28:06 --> Session: Class initialized using 'CodeIgniter\Session\Handlers\FileHandler' driver.
INFO - 2024-12-22 09:28:22 --> Session: Class initialized using 'CodeIgniter\Session\Handlers\FileHandler' driver.
INFO - 2024-12-22 09:28:26 --> Session: Class initialized using 'CodeIgniter\Session\Handlers\FileHandler' driver.
INFO - 2024-12-22 09:28:27 --> Session: Class initialized using 'CodeIgniter\Session\Handlers\FileHandler' driver.
INFO - 2024-12-22 09:29:57 --> Session: Class initialized using 'CodeIgniter\Session\Handlers\FileHandler' driver.
INFO - 2024-12-22 09:30:03 --> Session: Class initialized using 'CodeIgniter\Session\Handlers\FileHandler' driver.
INFO - 2024-12-22 09:30:03 --> Session: Class initialized using 'CodeIgniter\Session\Handlers\FileHandler' driver.
INFO - 2024-12-22 09:40:53 --> Session: Class initialized using 'CodeIgniter\Session\Handlers\FileHandler' driver.
INFO - 2024-12-22 09:40:58 --> Session: Class initialized using 'CodeIgniter\Session\Handlers\FileHandler' driver.
INFO - 2024-12-22 09:40:58 --> Session: Class initialized using 'CodeIgniter\Session\Handlers\FileHandler' driver.
INFO - 2024-12-22 09:41:58 --> Session: Class initialized using 'CodeIgniter\Session\Handlers\FileHandler' driver.
INFO - 2024-12-22 09:41:58 --> Session: Class initialized using 'CodeIgniter\Session\Handlers\FileHandler' driver.
INFO - 2024-12-22 10:13:09 --> Session: Class initialized using 'CodeIgniter\Session\Handlers\FileHandler' driver.
INFO - 2024-12-22 10:13:34 --> Session: Class initialized using 'CodeIgniter\Session\Handlers\FileHandler' driver.
INFO - 2024-12-22 10:13:58 --> Session: Class initialized using 'CodeIgniter\Session\Handlers\FileHandler' driver.
INFO - 2024-12-22 10:32:47 --> Session: Class initialized using 'CodeIgniter\Session\Handlers\FileHandler' driver.
INFO - 2024-12-22 10:32:56 --> Session: Class initialized using 'CodeIgniter\Session\Handlers\FileHandler' driver.
INFO - 2024-12-22 10:33:04 --> Session: Class initialized using 'CodeIgniter\Session\Handlers\FileHandler' driver.
INFO - 2024-12-22 10:33:12 --> Session: Class initialized using 'CodeIgniter\Session\Handlers\FileHandler' driver.
INFO - 2024-12-22 10:33:28 --> Session: Class initialized using 'CodeIgniter\Session\Handlers\FileHandler' driver.
INFO - 2024-12-22 10:33:29 --> Session: Class initialized using 'CodeIgniter\Session\Handlers\FileHandler' driver.
INFO - 2024-12-22 10:33:35 --> Session: Class initialized using 'CodeIgniter\Session\Handlers\FileHandler' driver.
INFO - 2024-12-22 10:33:50 --> Session: Class initialized using 'CodeIgniter\Session\Handlers\FileHandler' driver.
INFO - 2024-12-22 10:33:50 --> Session: Class initialized using 'CodeIgniter\Session\Handlers\FileHandler' driver.
INFO - 2024-12-22 10:33:55 --> Session: Class initialized using 'CodeIgniter\Session\Handlers\FileHandler' driver.
INFO - 2024-12-22 10:33:56 --> Session: Class initialized using 'CodeIgniter\Session\Handlers\FileHandler' driver.
INFO - 2024-12-22 10:34:01 --> Session: Class initialized using 'CodeIgniter\Session\Handlers\FileHandler' driver.
INFO - 2024-12-22 10:34:05 --> Session: Class initialized using 'CodeIgniter\Session\Handlers\FileHandler' driver.
ERROR - 2024-12-22 10:34:39 --> mysqli_sql_exception: Unknown column 'kelas' in 'field list' in F:\XAMPP\htdocs\Tugas Akhir\system\Database\MySQLi\Connection.php:312
Stack trace:
#0 F:\XAMPP\htdocs\Tugas Akhir\system\Database\MySQLi\Connection.php(312): mysqli->query('INSERT INTO `me...', 0)
#1 F:\XAMPP\htdocs\Tugas Akhir\system\Database\BaseConnection.php(734): CodeIgniter\Database\MySQLi\Connection->execute('INSERT INTO `me...')
#2 F:\XAMPP\htdocs\Tugas Akhir\system\Database\BaseConnection.php(648): CodeIgniter\Database\BaseConnection->simpleQuery('INSERT INTO `me...')
#3 F:\XAMPP\htdocs\Tugas Akhir\system\Database\BaseBuilder.php(2340): CodeIgniter\Database\BaseConnection->query('INSERT INTO `me...', Array, false)
#4 F:\XAMPP\htdocs\Tugas Akhir\system\Model.php(394): CodeIgniter\Database\BaseBuilder->insert()
#5 F:\XAMPP\htdocs\Tugas Akhir\system\BaseModel.php(840): CodeIgniter\Model->doInsert(Array)
#6 F:\XAMPP\htdocs\Tugas Akhir\system\Model.php(802): CodeIgniter\BaseModel->insert(Array, false)
#7 F:\XAMPP\htdocs\Tugas Akhir\system\BaseModel.php(751): CodeIgniter\Model->insert(Array, false)
#8 F:\XAMPP\htdocs\Tugas Akhir\app\Controllers\MemberControl.php(96): CodeIgniter\BaseModel->save(Array)
#9 F:\XAMPP\htdocs\Tugas Akhir\system\CodeIgniter.php(933): App\Controllers\MemberControl->tambahMember()
#10 F:\XAMPP\htdocs\Tugas Akhir\system\CodeIgniter.php(509): CodeIgniter\CodeIgniter->runController(Object(App\Controllers\MemberControl))
#11 F:\XAMPP\htdocs\Tugas Akhir\system\CodeIgniter.php(355): CodeIgniter\CodeIgniter->handleRequest(NULL, Object(Config\Cache), false)
#12 F:\XAMPP\htdocs\Tugas Akhir\system\Boot.php(325): CodeIgniter\CodeIgniter->run()
#13 F:\XAMPP\htdocs\Tugas Akhir\system\Boot.php(67): CodeIgniter\Boot::runCodeIgniter(Object(CodeIgniter\CodeIgniter))
#14 F:\XAMPP\htdocs\Tugas Akhir\public\index.php(56): CodeIgniter\Boot::bootWeb(Object(Config\Paths))
#15 F:\XAMPP\htdocs\Tugas Akhir\system\rewrite.php(44): require_once('F:\\XAMPP\\htdocs...')
#16 {main}
CRITICAL - 2024-12-22 10:34:40 --> CodeIgniter\Database\Exceptions\DatabaseException: Unknown column 'kelas' in 'field list'
[Method: POST, Route: member/tambahMember]
in SYSTEMPATH\Database\BaseConnection.php on line 688.
 1 SYSTEMPATH\Database\BaseBuilder.php(2340): CodeIgniter\Database\BaseConnection->query('INSERT INTO `members` (`id_anggota`, `nama`, `jenis_kelamin`, `kelas`, `kota_lahir`, `tanggal_lahir`, `alamat`) VALUES (:id_anggota.1:, :nama:, :jenis_kelamin:, :kelas:, :kota_lahir:, :tanggal_lahir:, :alamat:)', [...], false)
 2 SYSTEMPATH\Model.php(394): CodeIgniter\Database\BaseBuilder->insert()
 3 SYSTEMPATH\BaseModel.php(840): CodeIgniter\Model->doInsert([...])
 4 SYSTEMPATH\Model.php(802): CodeIgniter\BaseModel->insert([...], false)
 5 SYSTEMPATH\BaseModel.php(751): CodeIgniter\Model->insert([...], false)
 6 APPPATH\Controllers\MemberControl.php(96): CodeIgniter\BaseModel->save([...])
 7 SYSTEMPATH\CodeIgniter.php(933): App\Controllers\MemberControl->tambahMember()
 8 SYSTEMPATH\CodeIgniter.php(509): CodeIgniter\CodeIgniter->runController(Object(App\Controllers\MemberControl))
 9 SYSTEMPATH\CodeIgniter.php(355): CodeIgniter\CodeIgniter->handleRequest(null, Object(Config\Cache), false)
10 SYSTEMPATH\Boot.php(325): CodeIgniter\CodeIgniter->run()
11 SYSTEMPATH\Boot.php(67): CodeIgniter\Boot::runCodeIgniter(Object(CodeIgniter\CodeIgniter))
12 FCPATH\index.php(56): CodeIgniter\Boot::bootWeb(Object(Config\Paths))
13 SYSTEMPATH\rewrite.php(44): require_once('F:\\XAMPP\\htdocs\\Tugas Akhir\\public\\index.php')
CRITICAL - 2024-12-22 10:34:40 --> [Caused by] CodeIgniter\Database\Exceptions\DatabaseException: Unknown column 'kelas' in 'field list'
in SYSTEMPATH\Database\MySQLi\Connection.php on line 317.
 1 SYSTEMPATH\Database\BaseConnection.php(734): CodeIgniter\Database\MySQLi\Connection->execute('INSERT INTO `members` (`id_anggota`, `nama`, `jenis_kelamin`, `kelas`, `kota_lahir`, `tanggal_lahir`, `alamat`) VALUES (\'15004\', \'kokoko\', \'Laki-Laki\', NULL, \'Pekalongan\', \'2024-07-16\', \'aaa\')')
 2 SYSTEMPATH\Database\BaseConnection.php(648): CodeIgniter\Database\BaseConnection->simpleQuery('INSERT INTO `members` (`id_anggota`, `nama`, `jenis_kelamin`, `kelas`, `kota_lahir`, `tanggal_lahir`, `alamat`) VALUES (\'15004\', \'kokoko\', \'Laki-Laki\', NULL, \'Pekalongan\', \'2024-07-16\', \'aaa\')')
 3 SYSTEMPATH\Database\BaseBuilder.php(2340): CodeIgniter\Database\BaseConnection->query('INSERT INTO `members` (`id_anggota`, `nama`, `jenis_kelamin`, `kelas`, `kota_lahir`, `tanggal_lahir`, `alamat`) VALUES (:id_anggota.1:, :nama:, :jenis_kelamin:, :kelas:, :kota_lahir:, :tanggal_lahir:, :alamat:)', [...], false)
 4 SYSTEMPATH\Model.php(394): CodeIgniter\Database\BaseBuilder->insert()
 5 SYSTEMPATH\BaseModel.php(840): CodeIgniter\Model->doInsert([...])
 6 SYSTEMPATH\Model.php(802): CodeIgniter\BaseModel->insert([...], false)
 7 SYSTEMPATH\BaseModel.php(751): CodeIgniter\Model->insert([...], false)
 8 APPPATH\Controllers\MemberControl.php(96): CodeIgniter\BaseModel->save([...])
 9 SYSTEMPATH\CodeIgniter.php(933): App\Controllers\MemberControl->tambahMember()
10 SYSTEMPATH\CodeIgniter.php(509): CodeIgniter\CodeIgniter->runController(Object(App\Controllers\MemberControl))
11 SYSTEMPATH\CodeIgniter.php(355): CodeIgniter\CodeIgniter->handleRequest(null, Object(Config\Cache), false)
12 SYSTEMPATH\Boot.php(325): CodeIgniter\CodeIgniter->run()
13 SYSTEMPATH\Boot.php(67): CodeIgniter\Boot::runCodeIgniter(Object(CodeIgniter\CodeIgniter))
14 FCPATH\index.php(56): CodeIgniter\Boot::bootWeb(Object(Config\Paths))
15 SYSTEMPATH\rewrite.php(44): require_once('F:\\XAMPP\\htdocs\\Tugas Akhir\\public\\index.php')
CRITICAL - 2024-12-22 10:34:40 --> [Caused by] mysqli_sql_exception: Unknown column 'kelas' in 'field list'
in SYSTEMPATH\Database\MySQLi\Connection.php on line 312.
 1 SYSTEMPATH\Database\MySQLi\Connection.php(312): mysqli->query('INSERT INTO `members` (`id_anggota`, `nama`, `jenis_kelamin`, `kelas`, `kota_lahir`, `tanggal_lahir`, `alamat`) VALUES (\'15004\', \'kokoko\', \'Laki-Laki\', NULL, \'Pekalongan\', \'2024-07-16\', \'aaa\')', 0)
 2 SYSTEMPATH\Database\BaseConnection.php(734): CodeIgniter\Database\MySQLi\Connection->execute('INSERT INTO `members` (`id_anggota`, `nama`, `jenis_kelamin`, `kelas`, `kota_lahir`, `tanggal_lahir`, `alamat`) VALUES (\'15004\', \'kokoko\', \'Laki-Laki\', NULL, \'Pekalongan\', \'2024-07-16\', \'aaa\')')
 3 SYSTEMPATH\Database\BaseConnection.php(648): CodeIgniter\Database\BaseConnection->simpleQuery('INSERT INTO `members` (`id_anggota`, `nama`, `jenis_kelamin`, `kelas`, `kota_lahir`, `tanggal_lahir`, `alamat`) VALUES (\'15004\', \'kokoko\', \'Laki-Laki\', NULL, \'Pekalongan\', \'2024-07-16\', \'aaa\')')
 4 SYSTEMPATH\Database\BaseBuilder.php(2340): CodeIgniter\Database\BaseConnection->query('INSERT INTO `members` (`id_anggota`, `nama`, `jenis_kelamin`, `kelas`, `kota_lahir`, `tanggal_lahir`, `alamat`) VALUES (:id_anggota.1:, :nama:, :jenis_kelamin:, :kelas:, :kota_lahir:, :tanggal_lahir:, :alamat:)', [...], false)
 5 SYSTEMPATH\Model.php(394): CodeIgniter\Database\BaseBuilder->insert()
 6 SYSTEMPATH\BaseModel.php(840): CodeIgniter\Model->doInsert([...])
 7 SYSTEMPATH\Model.php(802): CodeIgniter\BaseModel->insert([...], false)
 8 SYSTEMPATH\BaseModel.php(751): CodeIgniter\Model->insert([...], false)
 9 APPPATH\Controllers\MemberControl.php(96): CodeIgniter\BaseModel->save([...])
10 SYSTEMPATH\CodeIgniter.php(933): App\Controllers\MemberControl->tambahMember()
11 SYSTEMPATH\CodeIgniter.php(509): CodeIgniter\CodeIgniter->runController(Object(App\Controllers\MemberControl))
12 SYSTEMPATH\CodeIgniter.php(355): CodeIgniter\CodeIgniter->handleRequest(null, Object(Config\Cache), false)
13 SYSTEMPATH\Boot.php(325): CodeIgniter\CodeIgniter->run()
14 SYSTEMPATH\Boot.php(67): CodeIgniter\Boot::runCodeIgniter(Object(CodeIgniter\CodeIgniter))
15 FCPATH\index.php(56): CodeIgniter\Boot::bootWeb(Object(Config\Paths))
16 SYSTEMPATH\rewrite.php(44): require_once('F:\\XAMPP\\htdocs\\Tugas Akhir\\public\\index.php')
INFO - 2024-12-22 10:35:32 --> Session: Class initialized using 'CodeIgniter\Session\Handlers\FileHandler' driver.
INFO - 2024-12-22 10:35:34 --> Session: Class initialized using 'CodeIgniter\Session\Handlers\FileHandler' driver.
INFO - 2024-12-22 10:35:54 --> Session: Class initialized using 'CodeIgniter\Session\Handlers\FileHandler' driver.
INFO - 2024-12-22 10:35:54 --> Session: Class initialized using 'CodeIgniter\Session\Handlers\FileHandler' driver.
INFO - 2024-12-22 10:36:01 --> Session: Class initialized using 'CodeIgniter\Session\Handlers\FileHandler' driver.
INFO - 2024-12-22 10:36:01 --> Session: Class initialized using 'CodeIgniter\Session\Handlers\FileHandler' driver.
INFO - 2024-12-22 10:36:08 --> Session: Class initialized using 'CodeIgniter\Session\Handlers\FileHandler' driver.
INFO - 2024-12-22 10:36:08 --> Session: Class initialized using 'CodeIgniter\Session\Handlers\FileHandler' driver.
INFO - 2024-12-22 10:36:14 --> Session: Class initialized using 'CodeIgniter\Session\Handlers\FileHandler' driver.
INFO - 2024-12-22 10:36:29 --> Session: Class initialized using 'CodeIgniter\Session\Handlers\FileHandler' driver.
INFO - 2024-12-22 10:36:29 --> Session: Class initialized using 'CodeIgniter\Session\Handlers\FileHandler' driver.
INFO - 2024-12-22 10:36:37 --> Session: Class initialized using 'CodeIgniter\Session\Handlers\FileHandler' driver.
INFO - 2024-12-22 10:36:37 --> Session: Class initialized using 'CodeIgniter\Session\Handlers\FileHandler' driver.
INFO - 2024-12-22 10:40:59 --> Session: Class initialized using 'CodeIgniter\Session\Handlers\FileHandler' driver.
INFO - 2024-12-22 10:41:47 --> Session: Class initialized using 'CodeIgniter\Session\Handlers\FileHandler' driver.
INFO - 2024-12-22 10:41:50 --> Session: Class initialized using 'CodeIgniter\Session\Handlers\FileHandler' driver.
INFO - 2024-12-22 10:43:40 --> Session: Class initialized using 'CodeIgniter\Session\Handlers\FileHandler' driver.
INFO - 2024-12-22 10:49:17 --> Session: Class initialized using 'CodeIgniter\Session\Handlers\FileHandler' driver.
INFO - 2024-12-22 10:50:14 --> Session: Class initialized using 'CodeIgniter\Session\Handlers\FileHandler' driver.
INFO - 2024-12-22 10:50:25 --> Session: Class initialized using 'CodeIgniter\Session\Handlers\FileHandler' driver.
INFO - 2024-12-22 10:50:30 --> Session: Class initialized using 'CodeIgniter\Session\Handlers\FileHandler' driver.
INFO - 2024-12-22 10:50:36 --> Session: Class initialized using 'CodeIgniter\Session\Handlers\FileHandler' driver.
ERROR - 2024-12-22 10:50:43 --> mysqli_sql_exception: Column 'keperluan' cannot be null in F:\XAMPP\htdocs\Tugas Akhir\system\Database\MySQLi\Connection.php:312
Stack trace:
#0 F:\XAMPP\htdocs\Tugas Akhir\system\Database\MySQLi\Connection.php(312): mysqli->query('INSERT INTO `pe...', 0)
#1 F:\XAMPP\htdocs\Tugas Akhir\system\Database\BaseConnection.php(734): CodeIgniter\Database\MySQLi\Connection->execute('INSERT INTO `pe...')
#2 F:\XAMPP\htdocs\Tugas Akhir\system\Database\BaseConnection.php(648): CodeIgniter\Database\BaseConnection->simpleQuery('INSERT INTO `pe...')
#3 F:\XAMPP\htdocs\Tugas Akhir\system\Database\BaseBuilder.php(2340): CodeIgniter\Database\BaseConnection->query('INSERT INTO `pe...', Array, false)
#4 F:\XAMPP\htdocs\Tugas Akhir\system\Model.php(394): CodeIgniter\Database\BaseBuilder->insert()
#5 F:\XAMPP\htdocs\Tugas Akhir\system\BaseModel.php(840): CodeIgniter\Model->doInsert(Array)
#6 F:\XAMPP\htdocs\Tugas Akhir\system\Model.php(802): CodeIgniter\BaseModel->insert(Array, false)
#7 F:\XAMPP\htdocs\Tugas Akhir\system\BaseModel.php(751): CodeIgniter\Model->insert(Array, false)
#8 F:\XAMPP\htdocs\Tugas Akhir\app\Controllers\PengunjungController.php(55): CodeIgniter\BaseModel->save(Array)
#9 F:\XAMPP\htdocs\Tugas Akhir\system\CodeIgniter.php(933): App\Controllers\PengunjungController->tambahPengunjung()
#10 F:\XAMPP\htdocs\Tugas Akhir\system\CodeIgniter.php(509): CodeIgniter\CodeIgniter->runController(Object(App\Controllers\PengunjungController))
#11 F:\XAMPP\htdocs\Tugas Akhir\system\CodeIgniter.php(355): CodeIgniter\CodeIgniter->handleRequest(NULL, Object(Config\Cache), false)
#12 F:\XAMPP\htdocs\Tugas Akhir\system\Boot.php(325): CodeIgniter\CodeIgniter->run()
#13 F:\XAMPP\htdocs\Tugas Akhir\system\Boot.php(67): CodeIgniter\Boot::runCodeIgniter(Object(CodeIgniter\CodeIgniter))
#14 F:\XAMPP\htdocs\Tugas Akhir\public\index.php(56): CodeIgniter\Boot::bootWeb(Object(Config\Paths))
#15 F:\XAMPP\htdocs\Tugas Akhir\system\rewrite.php(44): require_once('F:\\XAMPP\\htdocs...')
#16 {main}
CRITICAL - 2024-12-22 10:50:43 --> CodeIgniter\Database\Exceptions\DatabaseException: Column 'keperluan' cannot be null
[Method: POST, Route: pengunjung/tambahPengunjung]
in SYSTEMPATH\Database\BaseConnection.php on line 688.
 1 SYSTEMPATH\Database\BaseBuilder.php(2340): CodeIgniter\Database\BaseConnection->query('INSERT INTO `pengunjung` (`id_anggota`, `keperluan`) VALUES (:id_anggota:, :keperluan:)', [...], false)
 2 SYSTEMPATH\Model.php(394): CodeIgniter\Database\BaseBuilder->insert()
 3 SYSTEMPATH\BaseModel.php(840): CodeIgniter\Model->doInsert([...])
 4 SYSTEMPATH\Model.php(802): CodeIgniter\BaseModel->insert([...], false)
 5 SYSTEMPATH\BaseModel.php(751): CodeIgniter\Model->insert([...], false)
 6 APPPATH\Controllers\PengunjungController.php(55): CodeIgniter\BaseModel->save([...])
 7 SYSTEMPATH\CodeIgniter.php(933): App\Controllers\PengunjungController->tambahPengunjung()
 8 SYSTEMPATH\CodeIgniter.php(509): CodeIgniter\CodeIgniter->runController(Object(App\Controllers\PengunjungController))
 9 SYSTEMPATH\CodeIgniter.php(355): CodeIgniter\CodeIgniter->handleRequest(null, Object(Config\Cache), false)
10 SYSTEMPATH\Boot.php(325): CodeIgniter\CodeIgniter->run()
11 SYSTEMPATH\Boot.php(67): CodeIgniter\Boot::runCodeIgniter(Object(CodeIgniter\CodeIgniter))
12 FCPATH\index.php(56): CodeIgniter\Boot::bootWeb(Object(Config\Paths))
13 SYSTEMPATH\rewrite.php(44): require_once('F:\\XAMPP\\htdocs\\Tugas Akhir\\public\\index.php')
CRITICAL - 2024-12-22 10:50:43 --> [Caused by] CodeIgniter\Database\Exceptions\DatabaseException: Column 'keperluan' cannot be null
in SYSTEMPATH\Database\MySQLi\Connection.php on line 317.
 1 SYSTEMPATH\Database\BaseConnection.php(734): CodeIgniter\Database\MySQLi\Connection->execute('INSERT INTO `pengunjung` (`id_anggota`, `keperluan`) VALUES (\'15002\', NULL)')
 2 SYSTEMPATH\Database\BaseConnection.php(648): CodeIgniter\Database\BaseConnection->simpleQuery('INSERT INTO `pengunjung` (`id_anggota`, `keperluan`) VALUES (\'15002\', NULL)')
 3 SYSTEMPATH\Database\BaseBuilder.php(2340): CodeIgniter\Database\BaseConnection->query('INSERT INTO `pengunjung` (`id_anggota`, `keperluan`) VALUES (:id_anggota:, :keperluan:)', [...], false)
 4 SYSTEMPATH\Model.php(394): CodeIgniter\Database\BaseBuilder->insert()
 5 SYSTEMPATH\BaseModel.php(840): CodeIgniter\Model->doInsert([...])
 6 SYSTEMPATH\Model.php(802): CodeIgniter\BaseModel->insert([...], false)
 7 SYSTEMPATH\BaseModel.php(751): CodeIgniter\Model->insert([...], false)
 8 APPPATH\Controllers\PengunjungController.php(55): CodeIgniter\BaseModel->save([...])
 9 SYSTEMPATH\CodeIgniter.php(933): App\Controllers\PengunjungController->tambahPengunjung()
10 SYSTEMPATH\CodeIgniter.php(509): CodeIgniter\CodeIgniter->runController(Object(App\Controllers\PengunjungController))
11 SYSTEMPATH\CodeIgniter.php(355): CodeIgniter\CodeIgniter->handleRequest(null, Object(Config\Cache), false)
12 SYSTEMPATH\Boot.php(325): CodeIgniter\CodeIgniter->run()
13 SYSTEMPATH\Boot.php(67): CodeIgniter\Boot::runCodeIgniter(Object(CodeIgniter\CodeIgniter))
14 FCPATH\index.php(56): CodeIgniter\Boot::bootWeb(Object(Config\Paths))
15 SYSTEMPATH\rewrite.php(44): require_once('F:\\XAMPP\\htdocs\\Tugas Akhir\\public\\index.php')
CRITICAL - 2024-12-22 10:50:43 --> [Caused by] mysqli_sql_exception: Column 'keperluan' cannot be null
in SYSTEMPATH\Database\MySQLi\Connection.php on line 312.
 1 SYSTEMPATH\Database\MySQLi\Connection.php(312): mysqli->query('INSERT INTO `pengunjung` (`id_anggota`, `keperluan`) VALUES (\'15002\', NULL)', 0)
 2 SYSTEMPATH\Database\BaseConnection.php(734): CodeIgniter\Database\MySQLi\Connection->execute('INSERT INTO `pengunjung` (`id_anggota`, `keperluan`) VALUES (\'15002\', NULL)')
 3 SYSTEMPATH\Database\BaseConnection.php(648): CodeIgniter\Database\BaseConnection->simpleQuery('INSERT INTO `pengunjung` (`id_anggota`, `keperluan`) VALUES (\'15002\', NULL)')
 4 SYSTEMPATH\Database\BaseBuilder.php(2340): CodeIgniter\Database\BaseConnection->query('INSERT INTO `pengunjung` (`id_anggota`, `keperluan`) VALUES (:id_anggota:, :keperluan:)', [...], false)
 5 SYSTEMPATH\Model.php(394): CodeIgniter\Database\BaseBuilder->insert()
 6 SYSTEMPATH\BaseModel.php(840): CodeIgniter\Model->doInsert([...])
 7 SYSTEMPATH\Model.php(802): CodeIgniter\BaseModel->insert([...], false)
 8 SYSTEMPATH\BaseModel.php(751): CodeIgniter\Model->insert([...], false)
 9 APPPATH\Controllers\PengunjungController.php(55): CodeIgniter\BaseModel->save([...])
10 SYSTEMPATH\CodeIgniter.php(933): App\Controllers\PengunjungController->tambahPengunjung()
11 SYSTEMPATH\CodeIgniter.php(509): CodeIgniter\CodeIgniter->runController(Object(App\Controllers\PengunjungController))
12 SYSTEMPATH\CodeIgniter.php(355): CodeIgniter\CodeIgniter->handleRequest(null, Object(Config\Cache), false)
13 SYSTEMPATH\Boot.php(325): CodeIgniter\CodeIgniter->run()
14 SYSTEMPATH\Boot.php(67): CodeIgniter\Boot::runCodeIgniter(Object(CodeIgniter\CodeIgniter))
15 FCPATH\index.php(56): CodeIgniter\Boot::bootWeb(Object(Config\Paths))
16 SYSTEMPATH\rewrite.php(44): require_once('F:\\XAMPP\\htdocs\\Tugas Akhir\\public\\index.php')
INFO - 2024-12-22 10:51:51 --> Session: Class initialized using 'CodeIgniter\Session\Handlers\FileHandler' driver.
ERROR - 2024-12-22 10:51:53 --> mysqli_sql_exception: Table 'perpustakaan_0020.view_pengunjung' doesn't exist in F:\XAMPP\htdocs\Tugas Akhir\system\Database\MySQLi\Connection.php:312
Stack trace:
#0 F:\XAMPP\htdocs\Tugas Akhir\system\Database\MySQLi\Connection.php(312): mysqli->query('SELECT *\nFROM `...', 0)
#1 F:\XAMPP\htdocs\Tugas Akhir\system\Database\BaseConnection.php(734): CodeIgniter\Database\MySQLi\Connection->execute('SELECT *\nFROM `...')
#2 F:\XAMPP\htdocs\Tugas Akhir\system\Database\BaseConnection.php(648): CodeIgniter\Database\BaseConnection->simpleQuery('SELECT *\nFROM `...')
#3 F:\XAMPP\htdocs\Tugas Akhir\system\Database\BaseBuilder.php(1644): CodeIgniter\Database\BaseConnection->query('SELECT *\nFROM `...', Array, false)
#4 F:\XAMPP\htdocs\Tugas Akhir\system\Model.php(286): CodeIgniter\Database\BaseBuilder->get()
#5 F:\XAMPP\htdocs\Tugas Akhir\system\BaseModel.php(676): CodeIgniter\Model->doFindAll(0, 0)
#6 F:\XAMPP\htdocs\Tugas Akhir\app\Models\ViewPengunjungModel.php(23): CodeIgniter\BaseModel->findAll()
#7 F:\XAMPP\htdocs\Tugas Akhir\app\Controllers\PengunjungController.php(22): App\Models\ViewPengunjungModel->getPengunjung()
#8 F:\XAMPP\htdocs\Tugas Akhir\system\CodeIgniter.php(933): App\Controllers\PengunjungController->tampilanPengunjung()
#9 F:\XAMPP\htdocs\Tugas Akhir\system\CodeIgniter.php(509): CodeIgniter\CodeIgniter->runController(Object(App\Controllers\PengunjungController))
#10 F:\XAMPP\htdocs\Tugas Akhir\system\CodeIgniter.php(355): CodeIgniter\CodeIgniter->handleRequest(NULL, Object(Config\Cache), false)
#11 F:\XAMPP\htdocs\Tugas Akhir\system\Boot.php(325): CodeIgniter\CodeIgniter->run()
#12 F:\XAMPP\htdocs\Tugas Akhir\system\Boot.php(67): CodeIgniter\Boot::runCodeIgniter(Object(CodeIgniter\CodeIgniter))
#13 F:\XAMPP\htdocs\Tugas Akhir\public\index.php(56): CodeIgniter\Boot::bootWeb(Object(Config\Paths))
#14 F:\XAMPP\htdocs\Tugas Akhir\system\rewrite.php(44): require_once('F:\\XAMPP\\htdocs...')
#15 {main}
CRITICAL - 2024-12-22 10:51:53 --> CodeIgniter\Database\Exceptions\DatabaseException: Table 'perpustakaan_0020.view_pengunjung' doesn't exist
[Method: GET, Route: pengunjung/tampilanPengunjung]
in SYSTEMPATH\Database\BaseConnection.php on line 688.
 1 SYSTEMPATH\Database\BaseBuilder.php(1644): CodeIgniter\Database\BaseConnection->query('SELECT *
FROM `view_pengunjung`
WHERE DATE(waktu_kunjungan) = :DATE(waktu_kunjungan):', [...], false)
 2 SYSTEMPATH\Model.php(286): CodeIgniter\Database\BaseBuilder->get()
 3 SYSTEMPATH\BaseModel.php(676): CodeIgniter\Model->doFindAll(0, 0)
 4 APPPATH\Models\ViewPengunjungModel.php(23): CodeIgniter\BaseModel->findAll()
 5 APPPATH\Controllers\PengunjungController.php(22): App\Models\ViewPengunjungModel->getPengunjung()
 6 SYSTEMPATH\CodeIgniter.php(933): App\Controllers\PengunjungController->tampilanPengunjung()
 7 SYSTEMPATH\CodeIgniter.php(509): CodeIgniter\CodeIgniter->runController(Object(App\Controllers\PengunjungController))
 8 SYSTEMPATH\CodeIgniter.php(355): CodeIgniter\CodeIgniter->handleRequest(null, Object(Config\Cache), false)
 9 SYSTEMPATH\Boot.php(325): CodeIgniter\CodeIgniter->run()
10 SYSTEMPATH\Boot.php(67): CodeIgniter\Boot::runCodeIgniter(Object(CodeIgniter\CodeIgniter))
11 FCPATH\index.php(56): CodeIgniter\Boot::bootWeb(Object(Config\Paths))
12 SYSTEMPATH\rewrite.php(44): require_once('F:\\XAMPP\\htdocs\\Tugas Akhir\\public\\index.php')
CRITICAL - 2024-12-22 10:51:53 --> [Caused by] CodeIgniter\Database\Exceptions\DatabaseException: Table 'perpustakaan_0020.view_pengunjung' doesn't exist
in SYSTEMPATH\Database\MySQLi\Connection.php on line 317.
 1 SYSTEMPATH\Database\BaseConnection.php(734): CodeIgniter\Database\MySQLi\Connection->execute('SELECT *
FROM `view_pengunjung`
WHERE DATE(waktu_kunjungan) = \'2024-12-22\'')
 2 SYSTEMPATH\Database\BaseConnection.php(648): CodeIgniter\Database\BaseConnection->simpleQuery('SELECT *
FROM `view_pengunjung`
WHERE DATE(waktu_kunjungan) = \'2024-12-22\'')
 3 SYSTEMPATH\Database\BaseBuilder.php(1644): CodeIgniter\Database\BaseConnection->query('SELECT *
FROM `view_pengunjung`
WHERE DATE(waktu_kunjungan) = :DATE(waktu_kunjungan):', [...], false)
 4 SYSTEMPATH\Model.php(286): CodeIgniter\Database\BaseBuilder->get()
 5 SYSTEMPATH\BaseModel.php(676): CodeIgniter\Model->doFindAll(0, 0)
 6 APPPATH\Models\ViewPengunjungModel.php(23): CodeIgniter\BaseModel->findAll()
 7 APPPATH\Controllers\PengunjungController.php(22): App\Models\ViewPengunjungModel->getPengunjung()
 8 SYSTEMPATH\CodeIgniter.php(933): App\Controllers\PengunjungController->tampilanPengunjung()
 9 SYSTEMPATH\CodeIgniter.php(509): CodeIgniter\CodeIgniter->runController(Object(App\Controllers\PengunjungController))
10 SYSTEMPATH\CodeIgniter.php(355): CodeIgniter\CodeIgniter->handleRequest(null, Object(Config\Cache), false)
11 SYSTEMPATH\Boot.php(325): CodeIgniter\CodeIgniter->run()
12 SYSTEMPATH\Boot.php(67): CodeIgniter\Boot::runCodeIgniter(Object(CodeIgniter\CodeIgniter))
13 FCPATH\index.php(56): CodeIgniter\Boot::bootWeb(Object(Config\Paths))
14 SYSTEMPATH\rewrite.php(44): require_once('F:\\XAMPP\\htdocs\\Tugas Akhir\\public\\index.php')
CRITICAL - 2024-12-22 10:51:53 --> [Caused by] mysqli_sql_exception: Table 'perpustakaan_0020.view_pengunjung' doesn't exist
in SYSTEMPATH\Database\MySQLi\Connection.php on line 312.
 1 SYSTEMPATH\Database\MySQLi\Connection.php(312): mysqli->query('SELECT *
FROM `view_pengunjung`
WHERE DATE(waktu_kunjungan) = \'2024-12-22\'', 0)
 2 SYSTEMPATH\Database\BaseConnection.php(734): CodeIgniter\Database\MySQLi\Connection->execute('SELECT *
FROM `view_pengunjung`
WHERE DATE(waktu_kunjungan) = \'2024-12-22\'')
 3 SYSTEMPATH\Database\BaseConnection.php(648): CodeIgniter\Database\BaseConnection->simpleQuery('SELECT *
FROM `view_pengunjung`
WHERE DATE(waktu_kunjungan) = \'2024-12-22\'')
 4 SYSTEMPATH\Database\BaseBuilder.php(1644): CodeIgniter\Database\BaseConnection->query('SELECT *
FROM `view_pengunjung`
WHERE DATE(waktu_kunjungan) = :DATE(waktu_kunjungan):', [...], false)
 5 SYSTEMPATH\Model.php(286): CodeIgniter\Database\BaseBuilder->get()
 6 SYSTEMPATH\BaseModel.php(676): CodeIgniter\Model->doFindAll(0, 0)
 7 APPPATH\Models\ViewPengunjungModel.php(23): CodeIgniter\BaseModel->findAll()
 8 APPPATH\Controllers\PengunjungController.php(22): App\Models\ViewPengunjungModel->getPengunjung()
 9 SYSTEMPATH\CodeIgniter.php(933): App\Controllers\PengunjungController->tampilanPengunjung()
10 SYSTEMPATH\CodeIgniter.php(509): CodeIgniter\CodeIgniter->runController(Object(App\Controllers\PengunjungController))
11 SYSTEMPATH\CodeIgniter.php(355): CodeIgniter\CodeIgniter->handleRequest(null, Object(Config\Cache), false)
12 SYSTEMPATH\Boot.php(325): CodeIgniter\CodeIgniter->run()
13 SYSTEMPATH\Boot.php(67): CodeIgniter\Boot::runCodeIgniter(Object(CodeIgniter\CodeIgniter))
14 FCPATH\index.php(56): CodeIgniter\Boot::bootWeb(Object(Config\Paths))
15 SYSTEMPATH\rewrite.php(44): require_once('F:\\XAMPP\\htdocs\\Tugas Akhir\\public\\index.php')
INFO - 2024-12-22 10:55:26 --> Session: Class initialized using 'CodeIgniter\Session\Handlers\FileHandler' driver.
INFO - 2024-12-22 10:55:33 --> Session: Class initialized using 'CodeIgniter\Session\Handlers\FileHandler' driver.
ERROR - 2024-12-22 10:55:36 --> mysqli_sql_exception: Column 'keperluan' cannot be null in F:\XAMPP\htdocs\Tugas Akhir\system\Database\MySQLi\Connection.php:312
Stack trace:
#0 F:\XAMPP\htdocs\Tugas Akhir\system\Database\MySQLi\Connection.php(312): mysqli->query('INSERT INTO `pe...', 0)
#1 F:\XAMPP\htdocs\Tugas Akhir\system\Database\BaseConnection.php(734): CodeIgniter\Database\MySQLi\Connection->execute('INSERT INTO `pe...')
#2 F:\XAMPP\htdocs\Tugas Akhir\system\Database\BaseConnection.php(648): CodeIgniter\Database\BaseConnection->simpleQuery('INSERT INTO `pe...')
#3 F:\XAMPP\htdocs\Tugas Akhir\system\Database\BaseBuilder.php(2340): CodeIgniter\Database\BaseConnection->query('INSERT INTO `pe...', Array, false)
#4 F:\XAMPP\htdocs\Tugas Akhir\system\Model.php(394): CodeIgniter\Database\BaseBuilder->insert()
#5 F:\XAMPP\htdocs\Tugas Akhir\system\BaseModel.php(840): CodeIgniter\Model->doInsert(Array)
#6 F:\XAMPP\htdocs\Tugas Akhir\system\Model.php(802): CodeIgniter\BaseModel->insert(Array, false)
#7 F:\XAMPP\htdocs\Tugas Akhir\system\BaseModel.php(751): CodeIgniter\Model->insert(Array, false)
#8 F:\XAMPP\htdocs\Tugas Akhir\app\Controllers\PengunjungController.php(55): CodeIgniter\BaseModel->save(Array)
#9 F:\XAMPP\htdocs\Tugas Akhir\system\CodeIgniter.php(933): App\Controllers\PengunjungController->tambahPengunjung()
#10 F:\XAMPP\htdocs\Tugas Akhir\system\CodeIgniter.php(509): CodeIgniter\CodeIgniter->runController(Object(App\Controllers\PengunjungController))
#11 F:\XAMPP\htdocs\Tugas Akhir\system\CodeIgniter.php(355): CodeIgniter\CodeIgniter->handleRequest(NULL, Object(Config\Cache), false)
#12 F:\XAMPP\htdocs\Tugas Akhir\system\Boot.php(325): CodeIgniter\CodeIgniter->run()
#13 F:\XAMPP\htdocs\Tugas Akhir\system\Boot.php(67): CodeIgniter\Boot::runCodeIgniter(Object(CodeIgniter\CodeIgniter))
#14 F:\XAMPP\htdocs\Tugas Akhir\public\index.php(56): CodeIgniter\Boot::bootWeb(Object(Config\Paths))
#15 F:\XAMPP\htdocs\Tugas Akhir\system\rewrite.php(44): require_once('F:\\XAMPP\\htdocs...')
#16 {main}
CRITICAL - 2024-12-22 10:55:36 --> CodeIgniter\Database\Exceptions\DatabaseException: Column 'keperluan' cannot be null
[Method: POST, Route: pengunjung/tambahPengunjung]
in SYSTEMPATH\Database\BaseConnection.php on line 688.
 1 SYSTEMPATH\Database\BaseBuilder.php(2340): CodeIgniter\Database\BaseConnection->query('INSERT INTO `pengunjung` (`id_anggota`, `keperluan`) VALUES (:id_anggota:, :keperluan:)', [...], false)
 2 SYSTEMPATH\Model.php(394): CodeIgniter\Database\BaseBuilder->insert()
 3 SYSTEMPATH\BaseModel.php(840): CodeIgniter\Model->doInsert([...])
 4 SYSTEMPATH\Model.php(802): CodeIgniter\BaseModel->insert([...], false)
 5 SYSTEMPATH\BaseModel.php(751): CodeIgniter\Model->insert([...], false)
 6 APPPATH\Controllers\PengunjungController.php(55): CodeIgniter\BaseModel->save([...])
 7 SYSTEMPATH\CodeIgniter.php(933): App\Controllers\PengunjungController->tambahPengunjung()
 8 SYSTEMPATH\CodeIgniter.php(509): CodeIgniter\CodeIgniter->runController(Object(App\Controllers\PengunjungController))
 9 SYSTEMPATH\CodeIgniter.php(355): CodeIgniter\CodeIgniter->handleRequest(null, Object(Config\Cache), false)
10 SYSTEMPATH\Boot.php(325): CodeIgniter\CodeIgniter->run()
11 SYSTEMPATH\Boot.php(67): CodeIgniter\Boot::runCodeIgniter(Object(CodeIgniter\CodeIgniter))
12 FCPATH\index.php(56): CodeIgniter\Boot::bootWeb(Object(Config\Paths))
13 SYSTEMPATH\rewrite.php(44): require_once('F:\\XAMPP\\htdocs\\Tugas Akhir\\public\\index.php')
CRITICAL - 2024-12-22 10:55:36 --> [Caused by] CodeIgniter\Database\Exceptions\DatabaseException: Column 'keperluan' cannot be null
in SYSTEMPATH\Database\MySQLi\Connection.php on line 317.
 1 SYSTEMPATH\Database\BaseConnection.php(734): CodeIgniter\Database\MySQLi\Connection->execute('INSERT INTO `pengunjung` (`id_anggota`, `keperluan`) VALUES (\'15002\', NULL)')
 2 SYSTEMPATH\Database\BaseConnection.php(648): CodeIgniter\Database\BaseConnection->simpleQuery('INSERT INTO `pengunjung` (`id_anggota`, `keperluan`) VALUES (\'15002\', NULL)')
 3 SYSTEMPATH\Database\BaseBuilder.php(2340): CodeIgniter\Database\BaseConnection->query('INSERT INTO `pengunjung` (`id_anggota`, `keperluan`) VALUES (:id_anggota:, :keperluan:)', [...], false)
 4 SYSTEMPATH\Model.php(394): CodeIgniter\Database\BaseBuilder->insert()
 5 SYSTEMPATH\BaseModel.php(840): CodeIgniter\Model->doInsert([...])
 6 SYSTEMPATH\Model.php(802): CodeIgniter\BaseModel->insert([...], false)
 7 SYSTEMPATH\BaseModel.php(751): CodeIgniter\Model->insert([...], false)
 8 APPPATH\Controllers\PengunjungController.php(55): CodeIgniter\BaseModel->save([...])
 9 SYSTEMPATH\CodeIgniter.php(933): App\Controllers\PengunjungController->tambahPengunjung()
10 SYSTEMPATH\CodeIgniter.php(509): CodeIgniter\CodeIgniter->runController(Object(App\Controllers\PengunjungController))
11 SYSTEMPATH\CodeIgniter.php(355): CodeIgniter\CodeIgniter->handleRequest(null, Object(Config\Cache), false)
12 SYSTEMPATH\Boot.php(325): CodeIgniter\CodeIgniter->run()
13 SYSTEMPATH\Boot.php(67): CodeIgniter\Boot::runCodeIgniter(Object(CodeIgniter\CodeIgniter))
14 FCPATH\index.php(56): CodeIgniter\Boot::bootWeb(Object(Config\Paths))
15 SYSTEMPATH\rewrite.php(44): require_once('F:\\XAMPP\\htdocs\\Tugas Akhir\\public\\index.php')
CRITICAL - 2024-12-22 10:55:36 --> [Caused by] mysqli_sql_exception: Column 'keperluan' cannot be null
in SYSTEMPATH\Database\MySQLi\Connection.php on line 312.
 1 SYSTEMPATH\Database\MySQLi\Connection.php(312): mysqli->query('INSERT INTO `pengunjung` (`id_anggota`, `keperluan`) VALUES (\'15002\', NULL)', 0)
 2 SYSTEMPATH\Database\BaseConnection.php(734): CodeIgniter\Database\MySQLi\Connection->execute('INSERT INTO `pengunjung` (`id_anggota`, `keperluan`) VALUES (\'15002\', NULL)')
 3 SYSTEMPATH\Database\BaseConnection.php(648): CodeIgniter\Database\BaseConnection->simpleQuery('INSERT INTO `pengunjung` (`id_anggota`, `keperluan`) VALUES (\'15002\', NULL)')
 4 SYSTEMPATH\Database\BaseBuilder.php(2340): CodeIgniter\Database\BaseConnection->query('INSERT INTO `pengunjung` (`id_anggota`, `keperluan`) VALUES (:id_anggota:, :keperluan:)', [...], false)
 5 SYSTEMPATH\Model.php(394): CodeIgniter\Database\BaseBuilder->insert()
 6 SYSTEMPATH\BaseModel.php(840): CodeIgniter\Model->doInsert([...])
 7 SYSTEMPATH\Model.php(802): CodeIgniter\BaseModel->insert([...], false)
 8 SYSTEMPATH\BaseModel.php(751): CodeIgniter\Model->insert([...], false)
 9 APPPATH\Controllers\PengunjungController.php(55): CodeIgniter\BaseModel->save([...])
10 SYSTEMPATH\CodeIgniter.php(933): App\Controllers\PengunjungController->tambahPengunjung()
11 SYSTEMPATH\CodeIgniter.php(509): CodeIgniter\CodeIgniter->runController(Object(App\Controllers\PengunjungController))
12 SYSTEMPATH\CodeIgniter.php(355): CodeIgniter\CodeIgniter->handleRequest(null, Object(Config\Cache), false)
13 SYSTEMPATH\Boot.php(325): CodeIgniter\CodeIgniter->run()
14 SYSTEMPATH\Boot.php(67): CodeIgniter\Boot::runCodeIgniter(Object(CodeIgniter\CodeIgniter))
15 FCPATH\index.php(56): CodeIgniter\Boot::bootWeb(Object(Config\Paths))
16 SYSTEMPATH\rewrite.php(44): require_once('F:\\XAMPP\\htdocs\\Tugas Akhir\\public\\index.php')
INFO - 2024-12-22 11:03:27 --> Session: Class initialized using 'CodeIgniter\Session\Handlers\FileHandler' driver.
INFO - 2024-12-22 11:03:29 --> Session: Class initialized using 'CodeIgniter\Session\Handlers\FileHandler' driver.
INFO - 2024-12-22 11:03:35 --> Session: Class initialized using 'CodeIgniter\Session\Handlers\FileHandler' driver.
INFO - 2024-12-22 11:03:50 --> Session: Class initialized using 'CodeIgniter\Session\Handlers\FileHandler' driver.
INFO - 2024-12-22 11:03:50 --> Session: Class initialized using 'CodeIgniter\Session\Handlers\FileHandler' driver.
ERROR - 2024-12-22 11:04:00 --> mysqli_sql_exception: View 'perpustakaan_0020.view_peminjaman' references invalid table(s) or column(s) or function(s) or definer/invoker of view lack rights to use them in F:\XAMPP\htdocs\Tugas Akhir\system\Database\MySQLi\Connection.php:312
Stack trace:
#0 F:\XAMPP\htdocs\Tugas Akhir\system\Database\MySQLi\Connection.php(312): mysqli->query('SELECT *\nFROM `...', 0)
#1 F:\XAMPP\htdocs\Tugas Akhir\system\Database\BaseConnection.php(734): CodeIgniter\Database\MySQLi\Connection->execute('SELECT *\nFROM `...')
#2 F:\XAMPP\htdocs\Tugas Akhir\system\Database\BaseConnection.php(648): CodeIgniter\Database\BaseConnection->simpleQuery('SELECT *\nFROM `...')
#3 F:\XAMPP\htdocs\Tugas Akhir\system\Database\BaseBuilder.php(1644): CodeIgniter\Database\BaseConnection->query('SELECT *\nFROM `...', Array, false)
#4 F:\XAMPP\htdocs\Tugas Akhir\system\Model.php(286): CodeIgniter\Database\BaseBuilder->get()
#5 F:\XAMPP\htdocs\Tugas Akhir\system\BaseModel.php(676): CodeIgniter\Model->doFindAll(0, 0)
#6 F:\XAMPP\htdocs\Tugas Akhir\app\Controllers\PinjamController.php(23): CodeIgniter\BaseModel->findAll()
#7 F:\XAMPP\htdocs\Tugas Akhir\system\CodeIgniter.php(933): App\Controllers\PinjamController->tampilanPeminjaman()
#8 F:\XAMPP\htdocs\Tugas Akhir\system\CodeIgniter.php(509): CodeIgniter\CodeIgniter->runController(Object(App\Controllers\PinjamController))
#9 F:\XAMPP\htdocs\Tugas Akhir\system\CodeIgniter.php(355): CodeIgniter\CodeIgniter->handleRequest(NULL, Object(Config\Cache), false)
#10 F:\XAMPP\htdocs\Tugas Akhir\system\Boot.php(325): CodeIgniter\CodeIgniter->run()
#11 F:\XAMPP\htdocs\Tugas Akhir\system\Boot.php(67): CodeIgniter\Boot::runCodeIgniter(Object(CodeIgniter\CodeIgniter))
#12 F:\XAMPP\htdocs\Tugas Akhir\public\index.php(56): CodeIgniter\Boot::bootWeb(Object(Config\Paths))
#13 F:\XAMPP\htdocs\Tugas Akhir\system\rewrite.php(44): require_once('F:\\XAMPP\\htdocs...')
#14 {main}
CRITICAL - 2024-12-22 11:04:00 --> CodeIgniter\Database\Exceptions\DatabaseException: View 'perpustakaan_0020.view_peminjaman' references invalid table(s) or column(s) or function(s) or definer/invoker of view lack rights to use them
[Method: GET, Route: peminjaman/tampilanPeminjaman]
in SYSTEMPATH\Database\BaseConnection.php on line 688.
 1 SYSTEMPATH\Database\BaseBuilder.php(1644): CodeIgniter\Database\BaseConnection->query('SELECT *
FROM `view_peminjaman`', [], false)
 2 SYSTEMPATH\Model.php(286): CodeIgniter\Database\BaseBuilder->get()
 3 SYSTEMPATH\BaseModel.php(676): CodeIgniter\Model->doFindAll(0, 0)
 4 APPPATH\Controllers\PinjamController.php(23): CodeIgniter\BaseModel->findAll()
 5 SYSTEMPATH\CodeIgniter.php(933): App\Controllers\PinjamController->tampilanPeminjaman()
 6 SYSTEMPATH\CodeIgniter.php(509): CodeIgniter\CodeIgniter->runController(Object(App\Controllers\PinjamController))
 7 SYSTEMPATH\CodeIgniter.php(355): CodeIgniter\CodeIgniter->handleRequest(null, Object(Config\Cache), false)
 8 SYSTEMPATH\Boot.php(325): CodeIgniter\CodeIgniter->run()
 9 SYSTEMPATH\Boot.php(67): CodeIgniter\Boot::runCodeIgniter(Object(CodeIgniter\CodeIgniter))
10 FCPATH\index.php(56): CodeIgniter\Boot::bootWeb(Object(Config\Paths))
11 SYSTEMPATH\rewrite.php(44): require_once('F:\\XAMPP\\htdocs\\Tugas Akhir\\public\\index.php')
CRITICAL - 2024-12-22 11:04:00 --> [Caused by] CodeIgniter\Database\Exceptions\DatabaseException: View 'perpustakaan_0020.view_peminjaman' references invalid table(s) or column(s) or function(s) or definer/invoker of view lack rights to use them
in SYSTEMPATH\Database\MySQLi\Connection.php on line 317.
 1 SYSTEMPATH\Database\BaseConnection.php(734): CodeIgniter\Database\MySQLi\Connection->execute('SELECT *
FROM `view_peminjaman`')
 2 SYSTEMPATH\Database\BaseConnection.php(648): CodeIgniter\Database\BaseConnection->simpleQuery('SELECT *
FROM `view_peminjaman`')
 3 SYSTEMPATH\Database\BaseBuilder.php(1644): CodeIgniter\Database\BaseConnection->query('SELECT *
FROM `view_peminjaman`', [], false)
 4 SYSTEMPATH\Model.php(286): CodeIgniter\Database\BaseBuilder->get()
 5 SYSTEMPATH\BaseModel.php(676): CodeIgniter\Model->doFindAll(0, 0)
 6 APPPATH\Controllers\PinjamController.php(23): CodeIgniter\BaseModel->findAll()
 7 SYSTEMPATH\CodeIgniter.php(933): App\Controllers\PinjamController->tampilanPeminjaman()
 8 SYSTEMPATH\CodeIgniter.php(509): CodeIgniter\CodeIgniter->runController(Object(App\Controllers\PinjamController))
 9 SYSTEMPATH\CodeIgniter.php(355): CodeIgniter\CodeIgniter->handleRequest(null, Object(Config\Cache), false)
10 SYSTEMPATH\Boot.php(325): CodeIgniter\CodeIgniter->run()
11 SYSTEMPATH\Boot.php(67): CodeIgniter\Boot::runCodeIgniter(Object(CodeIgniter\CodeIgniter))
12 FCPATH\index.php(56): CodeIgniter\Boot::bootWeb(Object(Config\Paths))
13 SYSTEMPATH\rewrite.php(44): require_once('F:\\XAMPP\\htdocs\\Tugas Akhir\\public\\index.php')
CRITICAL - 2024-12-22 11:04:00 --> [Caused by] mysqli_sql_exception: View 'perpustakaan_0020.view_peminjaman' references invalid table(s) or column(s) or function(s) or definer/invoker of view lack rights to use them
in SYSTEMPATH\Database\MySQLi\Connection.php on line 312.
 1 SYSTEMPATH\Database\MySQLi\Connection.php(312): mysqli->query('SELECT *
FROM `view_peminjaman`', 0)
 2 SYSTEMPATH\Database\BaseConnection.php(734): CodeIgniter\Database\MySQLi\Connection->execute('SELECT *
FROM `view_peminjaman`')
 3 SYSTEMPATH\Database\BaseConnection.php(648): CodeIgniter\Database\BaseConnection->simpleQuery('SELECT *
FROM `view_peminjaman`')
 4 SYSTEMPATH\Database\BaseBuilder.php(1644): CodeIgniter\Database\BaseConnection->query('SELECT *
FROM `view_peminjaman`', [], false)
 5 SYSTEMPATH\Model.php(286): CodeIgniter\Database\BaseBuilder->get()
 6 SYSTEMPATH\BaseModel.php(676): CodeIgniter\Model->doFindAll(0, 0)
 7 APPPATH\Controllers\PinjamController.php(23): CodeIgniter\BaseModel->findAll()
 8 SYSTEMPATH\CodeIgniter.php(933): App\Controllers\PinjamController->tampilanPeminjaman()
 9 SYSTEMPATH\CodeIgniter.php(509): CodeIgniter\CodeIgniter->runController(Object(App\Controllers\PinjamController))
10 SYSTEMPATH\CodeIgniter.php(355): CodeIgniter\CodeIgniter->handleRequest(null, Object(Config\Cache), false)
11 SYSTEMPATH\Boot.php(325): CodeIgniter\CodeIgniter->run()
12 SYSTEMPATH\Boot.php(67): CodeIgniter\Boot::runCodeIgniter(Object(CodeIgniter\CodeIgniter))
13 FCPATH\index.php(56): CodeIgniter\Boot::bootWeb(Object(Config\Paths))
14 SYSTEMPATH\rewrite.php(44): require_once('F:\\XAMPP\\htdocs\\Tugas Akhir\\public\\index.php')
INFO - 2024-12-22 11:04:31 --> Session: Class initialized using 'CodeIgniter\Session\Handlers\FileHandler' driver.
INFO - 2024-12-22 11:05:50 --> Session: Class initialized using 'CodeIgniter\Session\Handlers\FileHandler' driver.
ERROR - 2024-12-22 11:05:58 --> mysqli_sql_exception: View 'perpustakaan_0020.view_peminjaman' references invalid table(s) or column(s) or function(s) or definer/invoker of view lack rights to use them in F:\XAMPP\htdocs\Tugas Akhir\system\Database\MySQLi\Connection.php:312
Stack trace:
#0 F:\XAMPP\htdocs\Tugas Akhir\system\Database\MySQLi\Connection.php(312): mysqli->query('SELECT *\nFROM `...', 0)
#1 F:\XAMPP\htdocs\Tugas Akhir\system\Database\BaseConnection.php(734): CodeIgniter\Database\MySQLi\Connection->execute('SELECT *\nFROM `...')
#2 F:\XAMPP\htdocs\Tugas Akhir\system\Database\BaseConnection.php(648): CodeIgniter\Database\BaseConnection->simpleQuery('SELECT *\nFROM `...')
#3 F:\XAMPP\htdocs\Tugas Akhir\system\Database\BaseBuilder.php(1644): CodeIgniter\Database\BaseConnection->query('SELECT *\nFROM `...', Array, false)
#4 F:\XAMPP\htdocs\Tugas Akhir\system\Model.php(286): CodeIgniter\Database\BaseBuilder->get()
#5 F:\XAMPP\htdocs\Tugas Akhir\system\BaseModel.php(676): CodeIgniter\Model->doFindAll(0, 0)
#6 F:\XAMPP\htdocs\Tugas Akhir\app\Controllers\PinjamController.php(23): CodeIgniter\BaseModel->findAll()
#7 F:\XAMPP\htdocs\Tugas Akhir\system\CodeIgniter.php(933): App\Controllers\PinjamController->tampilanPeminjaman()
#8 F:\XAMPP\htdocs\Tugas Akhir\system\CodeIgniter.php(509): CodeIgniter\CodeIgniter->runController(Object(App\Controllers\PinjamController))
#9 F:\XAMPP\htdocs\Tugas Akhir\system\CodeIgniter.php(355): CodeIgniter\CodeIgniter->handleRequest(NULL, Object(Config\Cache), false)
#10 F:\XAMPP\htdocs\Tugas Akhir\system\Boot.php(325): CodeIgniter\CodeIgniter->run()
#11 F:\XAMPP\htdocs\Tugas Akhir\system\Boot.php(67): CodeIgniter\Boot::runCodeIgniter(Object(CodeIgniter\CodeIgniter))
#12 F:\XAMPP\htdocs\Tugas Akhir\public\index.php(56): CodeIgniter\Boot::bootWeb(Object(Config\Paths))
#13 F:\XAMPP\htdocs\Tugas Akhir\system\rewrite.php(44): require_once('F:\\XAMPP\\htdocs...')
#14 {main}
CRITICAL - 2024-12-22 11:05:59 --> CodeIgniter\Database\Exceptions\DatabaseException: View 'perpustakaan_0020.view_peminjaman' references invalid table(s) or column(s) or function(s) or definer/invoker of view lack rights to use them
[Method: GET, Route: peminjaman/tampilanPeminjaman]
in SYSTEMPATH\Database\BaseConnection.php on line 688.
 1 SYSTEMPATH\Database\BaseBuilder.php(1644): CodeIgniter\Database\BaseConnection->query('SELECT *
FROM `view_peminjaman`', [], false)
 2 SYSTEMPATH\Model.php(286): CodeIgniter\Database\BaseBuilder->get()
 3 SYSTEMPATH\BaseModel.php(676): CodeIgniter\Model->doFindAll(0, 0)
 4 APPPATH\Controllers\PinjamController.php(23): CodeIgniter\BaseModel->findAll()
 5 SYSTEMPATH\CodeIgniter.php(933): App\Controllers\PinjamController->tampilanPeminjaman()
 6 SYSTEMPATH\CodeIgniter.php(509): CodeIgniter\CodeIgniter->runController(Object(App\Controllers\PinjamController))
 7 SYSTEMPATH\CodeIgniter.php(355): CodeIgniter\CodeIgniter->handleRequest(null, Object(Config\Cache), false)
 8 SYSTEMPATH\Boot.php(325): CodeIgniter\CodeIgniter->run()
 9 SYSTEMPATH\Boot.php(67): CodeIgniter\Boot::runCodeIgniter(Object(CodeIgniter\CodeIgniter))
10 FCPATH\index.php(56): CodeIgniter\Boot::bootWeb(Object(Config\Paths))
11 SYSTEMPATH\rewrite.php(44): require_once('F:\\XAMPP\\htdocs\\Tugas Akhir\\public\\index.php')
CRITICAL - 2024-12-22 11:05:59 --> [Caused by] CodeIgniter\Database\Exceptions\DatabaseException: View 'perpustakaan_0020.view_peminjaman' references invalid table(s) or column(s) or function(s) or definer/invoker of view lack rights to use them
in SYSTEMPATH\Database\MySQLi\Connection.php on line 317.
 1 SYSTEMPATH\Database\BaseConnection.php(734): CodeIgniter\Database\MySQLi\Connection->execute('SELECT *
FROM `view_peminjaman`')
 2 SYSTEMPATH\Database\BaseConnection.php(648): CodeIgniter\Database\BaseConnection->simpleQuery('SELECT *
FROM `view_peminjaman`')
 3 SYSTEMPATH\Database\BaseBuilder.php(1644): CodeIgniter\Database\BaseConnection->query('SELECT *
FROM `view_peminjaman`', [], false)
 4 SYSTEMPATH\Model.php(286): CodeIgniter\Database\BaseBuilder->get()
 5 SYSTEMPATH\BaseModel.php(676): CodeIgniter\Model->doFindAll(0, 0)
 6 APPPATH\Controllers\PinjamController.php(23): CodeIgniter\BaseModel->findAll()
 7 SYSTEMPATH\CodeIgniter.php(933): App\Controllers\PinjamController->tampilanPeminjaman()
 8 SYSTEMPATH\CodeIgniter.php(509): CodeIgniter\CodeIgniter->runController(Object(App\Controllers\PinjamController))
 9 SYSTEMPATH\CodeIgniter.php(355): CodeIgniter\CodeIgniter->handleRequest(null, Object(Config\Cache), false)
10 SYSTEMPATH\Boot.php(325): CodeIgniter\CodeIgniter->run()
11 SYSTEMPATH\Boot.php(67): CodeIgniter\Boot::runCodeIgniter(Object(CodeIgniter\CodeIgniter))
12 FCPATH\index.php(56): CodeIgniter\Boot::bootWeb(Object(Config\Paths))
13 SYSTEMPATH\rewrite.php(44): require_once('F:\\XAMPP\\htdocs\\Tugas Akhir\\public\\index.php')
CRITICAL - 2024-12-22 11:05:59 --> [Caused by] mysqli_sql_exception: View 'perpustakaan_0020.view_peminjaman' references invalid table(s) or column(s) or function(s) or definer/invoker of view lack rights to use them
in SYSTEMPATH\Database\MySQLi\Connection.php on line 312.
 1 SYSTEMPATH\Database\MySQLi\Connection.php(312): mysqli->query('SELECT *
FROM `view_peminjaman`', 0)
 2 SYSTEMPATH\Database\BaseConnection.php(734): CodeIgniter\Database\MySQLi\Connection->execute('SELECT *
FROM `view_peminjaman`')
 3 SYSTEMPATH\Database\BaseConnection.php(648): CodeIgniter\Database\BaseConnection->simpleQuery('SELECT *
FROM `view_peminjaman`')
 4 SYSTEMPATH\Database\BaseBuilder.php(1644): CodeIgniter\Database\BaseConnection->query('SELECT *
FROM `view_peminjaman`', [], false)
 5 SYSTEMPATH\Model.php(286): CodeIgniter\Database\BaseBuilder->get()
 6 SYSTEMPATH\BaseModel.php(676): CodeIgniter\Model->doFindAll(0, 0)
 7 APPPATH\Controllers\PinjamController.php(23): CodeIgniter\BaseModel->findAll()
 8 SYSTEMPATH\CodeIgniter.php(933): App\Controllers\PinjamController->tampilanPeminjaman()
 9 SYSTEMPATH\CodeIgniter.php(509): CodeIgniter\CodeIgniter->runController(Object(App\Controllers\PinjamController))
10 SYSTEMPATH\CodeIgniter.php(355): CodeIgniter\CodeIgniter->handleRequest(null, Object(Config\Cache), false)
11 SYSTEMPATH\Boot.php(325): CodeIgniter\CodeIgniter->run()
12 SYSTEMPATH\Boot.php(67): CodeIgniter\Boot::runCodeIgniter(Object(CodeIgniter\CodeIgniter))
13 FCPATH\index.php(56): CodeIgniter\Boot::bootWeb(Object(Config\Paths))
14 SYSTEMPATH\rewrite.php(44): require_once('F:\\XAMPP\\htdocs\\Tugas Akhir\\public\\index.php')
INFO - 2024-12-22 11:15:55 --> Session: Class initialized using 'CodeIgniter\Session\Handlers\FileHandler' driver.
INFO - 2024-12-22 11:16:02 --> Session: Class initialized using 'CodeIgniter\Session\Handlers\FileHandler' driver.
INFO - 2024-12-22 11:16:11 --> Session: Class initialized using 'CodeIgniter\Session\Handlers\FileHandler' driver.
INFO - 2024-12-22 11:16:39 --> Session: Class initialized using 'CodeIgniter\Session\Handlers\FileHandler' driver.
INFO - 2024-12-22 11:16:42 --> Session: Class initialized using 'CodeIgniter\Session\Handlers\FileHandler' driver.
INFO - 2024-12-22 11:16:48 --> Session: Class initialized using 'CodeIgniter\Session\Handlers\FileHandler' driver.
INFO - 2024-12-22 11:16:59 --> Session: Class initialized using 'CodeIgniter\Session\Handlers\FileHandler' driver.
INFO - 2024-12-22 11:17:02 --> Session: Class initialized using 'CodeIgniter\Session\Handlers\FileHandler' driver.
INFO - 2024-12-22 11:18:34 --> Session: Class initialized using 'CodeIgniter\Session\Handlers\FileHandler' driver.
INFO - 2024-12-22 11:18:41 --> Session: Class initialized using 'CodeIgniter\Session\Handlers\FileHandler' driver.
INFO - 2024-12-22 11:18:48 --> Session: Class initialized using 'CodeIgniter\Session\Handlers\FileHandler' driver.
INFO - 2024-12-22 11:18:54 --> Session: Class initialized using 'CodeIgniter\Session\Handlers\FileHandler' driver.
INFO - 2024-12-22 11:19:06 --> Session: Class initialized using 'CodeIgniter\Session\Handlers\FileHandler' driver.
INFO - 2024-12-22 11:19:10 --> Session: Class initialized using 'CodeIgniter\Session\Handlers\FileHandler' driver.
INFO - 2024-12-22 11:19:23 --> Session: Class initialized using 'CodeIgniter\Session\Handlers\FileHandler' driver.
INFO - 2024-12-22 11:19:39 --> Session: Class initialized using 'CodeIgniter\Session\Handlers\FileHandler' driver.
INFO - 2024-12-22 11:20:02 --> Session: Class initialized using 'CodeIgniter\Session\Handlers\FileHandler' driver.
INFO - 2024-12-22 11:20:16 --> Session: Class initialized using 'CodeIgniter\Session\Handlers\FileHandler' driver.
INFO - 2024-12-22 11:20:17 --> Session: Class initialized using 'CodeIgniter\Session\Handlers\FileHandler' driver.
CRITICAL - 2024-12-22 11:20:17 --> ErrorException: Undefined array key "jumlah"
[Method: GET, Route: peminjaman/tampilanPeminjaman]
in APPPATH\Views\peminjaman\tampilanPeminjaman.php on line 61.
 1 APPPATH\Views\peminjaman\tampilanPeminjaman.php(61): CodeIgniter\Debug\Exceptions->errorHandler(2, 'Undefined array key "jumlah"', 'F:\\XAMPP\\htdocs\\Tugas Akhir\\app\\Views\\peminjaman\\tampilanPeminjaman.php', 61)
 2 SYSTEMPATH\View\View.php(234): include('F:\\XAMPP\\htdocs\\Tugas Akhir\\app\\Views\\peminjaman\\tampilanPeminjaman.php')
 3 SYSTEMPATH\View\View.php(237): CodeIgniter\View\View->CodeIgniter\View\{closure}()
 4 SYSTEMPATH\Common.php(1171): CodeIgniter\View\View->render('peminjaman/tampilanPeminjaman', [], true)
 5 APPPATH\Controllers\PinjamController.php(30): view('peminjaman/tampilanPeminjaman', [...])
 6 SYSTEMPATH\CodeIgniter.php(933): App\Controllers\PinjamController->tampilanPeminjaman()
 7 SYSTEMPATH\CodeIgniter.php(509): CodeIgniter\CodeIgniter->runController(Object(App\Controllers\PinjamController))
 8 SYSTEMPATH\CodeIgniter.php(355): CodeIgniter\CodeIgniter->handleRequest(null, Object(Config\Cache), false)
 9 SYSTEMPATH\Boot.php(325): CodeIgniter\CodeIgniter->run()
10 SYSTEMPATH\Boot.php(67): CodeIgniter\Boot::runCodeIgniter(Object(CodeIgniter\CodeIgniter))
11 FCPATH\index.php(56): CodeIgniter\Boot::bootWeb(Object(Config\Paths))
12 SYSTEMPATH\rewrite.php(44): require_once('F:\\XAMPP\\htdocs\\Tugas Akhir\\public\\index.php')
INFO - 2024-12-22 11:22:38 --> Session: Class initialized using 'CodeIgniter\Session\Handlers\FileHandler' driver.
INFO - 2024-12-22 11:22:41 --> Session: Class initialized using 'CodeIgniter\Session\Handlers\FileHandler' driver.
INFO - 2024-12-22 11:22:43 --> Session: Class initialized using 'CodeIgniter\Session\Handlers\FileHandler' driver.
INFO - 2024-12-22 11:22:50 --> Session: Class initialized using 'CodeIgniter\Session\Handlers\FileHandler' driver.
INFO - 2024-12-22 11:23:00 --> Session: Class initialized using 'CodeIgniter\Session\Handlers\FileHandler' driver.
INFO - 2024-12-22 11:30:27 --> Session: Class initialized using 'CodeIgniter\Session\Handlers\FileHandler' driver.
INFO - 2024-12-22 11:31:12 --> Session: Class initialized using 'CodeIgniter\Session\Handlers\FileHandler' driver.
INFO - 2024-12-22 11:31:15 --> Session: Class initialized using 'CodeIgniter\Session\Handlers\FileHandler' driver.
INFO - 2024-12-22 11:31:37 --> Session: Class initialized using 'CodeIgniter\Session\Handlers\FileHandler' driver.
INFO - 2024-12-22 11:31:45 --> Session: Class initialized using 'CodeIgniter\Session\Handlers\FileHandler' driver.
INFO - 2024-12-22 11:31:57 --> Session: Class initialized using 'CodeIgniter\Session\Handlers\FileHandler' driver.
INFO - 2024-12-22 11:31:59 --> Session: Class initialized using 'CodeIgniter\Session\Handlers\FileHandler' driver.
INFO - 2024-12-22 11:32:14 --> Session: Class initialized using 'CodeIgniter\Session\Handlers\FileHandler' driver.
INFO - 2024-12-22 11:32:15 --> Session: Class initialized using 'CodeIgniter\Session\Handlers\FileHandler' driver.
INFO - 2024-12-22 11:34:34 --> Session: Class initialized using 'CodeIgniter\Session\Handlers\FileHandler' driver.
INFO - 2024-12-22 11:35:26 --> Session: Class initialized using 'CodeIgniter\Session\Handlers\FileHandler' driver.
INFO - 2024-12-22 11:35:31 --> Session: Class initialized using 'CodeIgniter\Session\Handlers\FileHandler' driver.
INFO - 2024-12-22 11:35:36 --> Session: Class initialized using 'CodeIgniter\Session\Handlers\FileHandler' driver.
INFO - 2024-12-22 11:35:46 --> Session: Class initialized using 'CodeIgniter\Session\Handlers\FileHandler' driver.
INFO - 2024-12-22 11:35:48 --> Session: Class initialized using 'CodeIgniter\Session\Handlers\FileHandler' driver.
INFO - 2024-12-22 11:38:46 --> Session: Class initialized using 'CodeIgniter\Session\Handlers\FileHandler' driver.
INFO - 2024-12-22 11:38:53 --> Session: Class initialized using 'CodeIgniter\Session\Handlers\FileHandler' driver.
INFO - 2024-12-22 11:39:02 --> Session: Class initialized using 'CodeIgniter\Session\Handlers\FileHandler' driver.
INFO - 2024-12-22 11:39:05 --> Session: Class initialized using 'CodeIgniter\Session\Handlers\FileHandler' driver.
INFO - 2024-12-22 11:39:19 --> Session: Class initialized using 'CodeIgniter\Session\Handlers\FileHandler' driver.
INFO - 2024-12-22 11:39:19 --> Session: Class initialized using 'CodeIgniter\Session\Handlers\FileHandler' driver.
INFO - 2024-12-22 11:39:29 --> Session: Class initialized using 'CodeIgniter\Session\Handlers\FileHandler' driver.
INFO - 2024-12-22 11:41:14 --> Session: Class initialized using 'CodeIgniter\Session\Handlers\FileHandler' driver.
INFO - 2024-12-22 11:41:20 --> Session: Class initialized using 'CodeIgniter\Session\Handlers\FileHandler' driver.
INFO - 2024-12-22 11:41:32 --> Session: Class initialized using 'CodeIgniter\Session\Handlers\FileHandler' driver.
INFO - 2024-12-22 11:41:32 --> Session: Class initialized using 'CodeIgniter\Session\Handlers\FileHandler' driver.
INFO - 2024-12-22 11:42:46 --> Session: Class initialized using 'CodeIgniter\Session\Handlers\FileHandler' driver.
INFO - 2024-12-22 11:44:34 --> Session: Class initialized using 'CodeIgniter\Session\Handlers\FileHandler' driver.
INFO - 2024-12-22 11:44:44 --> Session: Class initialized using 'CodeIgniter\Session\Handlers\FileHandler' driver.
INFO - 2024-12-22 11:46:37 --> Session: Class initialized using 'CodeIgniter\Session\Handlers\FileHandler' driver.
INFO - 2024-12-22 11:47:07 --> Session: Class initialized using 'CodeIgniter\Session\Handlers\FileHandler' driver.
INFO - 2024-12-22 11:47:58 --> Session: Class initialized using 'CodeIgniter\Session\Handlers\FileHandler' driver.
INFO - 2024-12-22 11:48:38 --> Session: Class initialized using 'CodeIgniter\Session\Handlers\FileHandler' driver.
INFO - 2024-12-22 11:49:03 --> Session: Class initialized using 'CodeIgniter\Session\Handlers\FileHandler' driver.
INFO - 2024-12-22 11:49:07 --> Session: Class initialized using 'CodeIgniter\Session\Handlers\FileHandler' driver.
INFO - 2024-12-22 11:49:08 --> Session: Class initialized using 'CodeIgniter\Session\Handlers\FileHandler' driver.
INFO - 2024-12-22 11:49:32 --> Session: Class initialized using 'CodeIgniter\Session\Handlers\FileHandler' driver.
INFO - 2024-12-22 11:49:39 --> Session: Class initialized using 'CodeIgniter\Session\Handlers\FileHandler' driver.
INFO - 2024-12-22 11:49:54 --> Session: Class initialized using 'CodeIgniter\Session\Handlers\FileHandler' driver.
INFO - 2024-12-22 11:49:55 --> Session: Class initialized using 'CodeIgniter\Session\Handlers\FileHandler' driver.
INFO - 2024-12-22 11:50:16 --> Session: Class initialized using 'CodeIgniter\Session\Handlers\FileHandler' driver.
INFO - 2024-12-22 11:50:19 --> Session: Class initialized using 'CodeIgniter\Session\Handlers\FileHandler' driver.
INFO - 2024-12-22 11:50:24 --> Session: Class initialized using 'CodeIgniter\Session\Handlers\FileHandler' driver.
INFO - 2024-12-22 11:50:24 --> Session: Class initialized using 'CodeIgniter\Session\Handlers\FileHandler' driver.
INFO - 2024-12-22 11:50:32 --> Session: Class initialized using 'CodeIgniter\Session\Handlers\FileHandler' driver.
INFO - 2024-12-22 11:50:35 --> Session: Class initialized using 'CodeIgniter\Session\Handlers\FileHandler' driver.
INFO - 2024-12-22 11:50:47 --> Session: Class initialized using 'CodeIgniter\Session\Handlers\FileHandler' driver.
INFO - 2024-12-22 11:51:04 --> Session: Class initialized using 'CodeIgniter\Session\Handlers\FileHandler' driver.
INFO - 2024-12-22 11:51:06 --> Session: Class initialized using 'CodeIgniter\Session\Handlers\FileHandler' driver.
INFO - 2024-12-22 11:51:19 --> Session: Class initialized using 'CodeIgniter\Session\Handlers\FileHandler' driver.
INFO - 2024-12-22 11:51:20 --> Session: Class initialized using 'CodeIgniter\Session\Handlers\FileHandler' driver.
INFO - 2024-12-22 11:51:29 --> Session: Class initialized using 'CodeIgniter\Session\Handlers\FileHandler' driver.
INFO - 2024-12-22 11:52:07 --> Session: Class initialized using 'CodeIgniter\Session\Handlers\FileHandler' driver.
INFO - 2024-12-22 11:52:10 --> Session: Class initialized using 'CodeIgniter\Session\Handlers\FileHandler' driver.
INFO - 2024-12-22 11:52:13 --> Session: Class initialized using 'CodeIgniter\Session\Handlers\FileHandler' driver.
INFO - 2024-12-22 11:52:28 --> Session: Class initialized using 'CodeIgniter\Session\Handlers\FileHandler' driver.
INFO - 2024-12-22 11:52:29 --> Session: Class initialized using 'CodeIgniter\Session\Handlers\FileHandler' driver.
INFO - 2024-12-22 11:52:34 --> Session: Class initialized using 'CodeIgniter\Session\Handlers\FileHandler' driver.
INFO - 2024-12-22 11:52:37 --> Session: Class initialized using 'CodeIgniter\Session\Handlers\FileHandler' driver.
INFO - 2024-12-22 11:55:10 --> Session: Class initialized using 'CodeIgniter\Session\Handlers\FileHandler' driver.
ERROR - 2024-12-22 11:55:22 --> mysqli_sql_exception: Table 'perpustakaan_0020.pengembalians' doesn't exist in F:\XAMPP\htdocs\Tugas Akhir\system\Database\MySQLi\Connection.php:312
Stack trace:
#0 F:\XAMPP\htdocs\Tugas Akhir\system\Database\MySQLi\Connection.php(312): mysqli->query('INSERT INTO `pe...', 0)
#1 F:\XAMPP\htdocs\Tugas Akhir\system\Database\BaseConnection.php(734): CodeIgniter\Database\MySQLi\Connection->execute('INSERT INTO `pe...')
#2 F:\XAMPP\htdocs\Tugas Akhir\system\Database\BaseConnection.php(648): CodeIgniter\Database\BaseConnection->simpleQuery('INSERT INTO `pe...')
#3 F:\XAMPP\htdocs\Tugas Akhir\system\Database\BaseBuilder.php(2340): CodeIgniter\Database\BaseConnection->query('INSERT INTO `pe...', Array, false)
#4 F:\XAMPP\htdocs\Tugas Akhir\system\Model.php(394): CodeIgniter\Database\BaseBuilder->insert()
#5 F:\XAMPP\htdocs\Tugas Akhir\system\BaseModel.php(840): CodeIgniter\Model->doInsert(Array)
#6 F:\XAMPP\htdocs\Tugas Akhir\system\Model.php(802): CodeIgniter\BaseModel->insert(Array, false)
#7 F:\XAMPP\htdocs\Tugas Akhir\system\BaseModel.php(751): CodeIgniter\Model->insert(Array, false)
#8 F:\XAMPP\htdocs\Tugas Akhir\app\Controllers\PenggembalianController.php(57): CodeIgniter\BaseModel->save(Array)
#9 F:\XAMPP\htdocs\Tugas Akhir\system\CodeIgniter.php(933): App\Controllers\PenggembalianController->tambahPengembalian()
#10 F:\XAMPP\htdocs\Tugas Akhir\system\CodeIgniter.php(509): CodeIgniter\CodeIgniter->runController(Object(App\Controllers\PenggembalianController))
#11 F:\XAMPP\htdocs\Tugas Akhir\system\CodeIgniter.php(355): CodeIgniter\CodeIgniter->handleRequest(NULL, Object(Config\Cache), false)
#12 F:\XAMPP\htdocs\Tugas Akhir\system\Boot.php(325): CodeIgniter\CodeIgniter->run()
#13 F:\XAMPP\htdocs\Tugas Akhir\system\Boot.php(67): CodeIgniter\Boot::runCodeIgniter(Object(CodeIgniter\CodeIgniter))
#14 F:\XAMPP\htdocs\Tugas Akhir\public\index.php(56): CodeIgniter\Boot::bootWeb(Object(Config\Paths))
#15 F:\XAMPP\htdocs\Tugas Akhir\system\rewrite.php(44): require_once('F:\\XAMPP\\htdocs...')
#16 {main}
CRITICAL - 2024-12-22 11:55:22 --> CodeIgniter\Database\Exceptions\DatabaseException: Table 'perpustakaan_0020.pengembalians' doesn't exist
[Method: POST, Route: pengembalian/tambahPengembalian]
in SYSTEMPATH\Database\BaseConnection.php on line 688.
 1 SYSTEMPATH\Database\BaseBuilder.php(2340): CodeIgniter\Database\BaseConnection->query('INSERT INTO `pengembalians` (`id_anggota`, `id_buku`, `id_peminjam`, `id_pengunjung`, `jumlah_kembali`) VALUES (:id_anggota:, :id_buku:, :id_peminjam:, :id_pengunjung:, :jumlah_kembali:)', [...], false)
 2 SYSTEMPATH\Model.php(394): CodeIgniter\Database\BaseBuilder->insert()
 3 SYSTEMPATH\BaseModel.php(840): CodeIgniter\Model->doInsert([...])
 4 SYSTEMPATH\Model.php(802): CodeIgniter\BaseModel->insert([...], false)
 5 SYSTEMPATH\BaseModel.php(751): CodeIgniter\Model->insert([...], false)
 6 APPPATH\Controllers\PenggembalianController.php(57): CodeIgniter\BaseModel->save([...])
 7 SYSTEMPATH\CodeIgniter.php(933): App\Controllers\PenggembalianController->tambahPengembalian()
 8 SYSTEMPATH\CodeIgniter.php(509): CodeIgniter\CodeIgniter->runController(Object(App\Controllers\PenggembalianController))
 9 SYSTEMPATH\CodeIgniter.php(355): CodeIgniter\CodeIgniter->handleRequest(null, Object(Config\Cache), false)
10 SYSTEMPATH\Boot.php(325): CodeIgniter\CodeIgniter->run()
11 SYSTEMPATH\Boot.php(67): CodeIgniter\Boot::runCodeIgniter(Object(CodeIgniter\CodeIgniter))
12 FCPATH\index.php(56): CodeIgniter\Boot::bootWeb(Object(Config\Paths))
13 SYSTEMPATH\rewrite.php(44): require_once('F:\\XAMPP\\htdocs\\Tugas Akhir\\public\\index.php')
CRITICAL - 2024-12-22 11:55:22 --> [Caused by] CodeIgniter\Database\Exceptions\DatabaseException: Table 'perpustakaan_0020.pengembalians' doesn't exist
in SYSTEMPATH\Database\MySQLi\Connection.php on line 317.
 1 SYSTEMPATH\Database\BaseConnection.php(734): CodeIgniter\Database\MySQLi\Connection->execute('INSERT INTO `pengembalians` (`id_anggota`, `id_buku`, `id_peminjam`, `id_pengunjung`, `jumlah_kembali`) VALUES (\'15002\', \'123\', \'6\', \'8\', \'3\')')
 2 SYSTEMPATH\Database\BaseConnection.php(648): CodeIgniter\Database\BaseConnection->simpleQuery('INSERT INTO `pengembalians` (`id_anggota`, `id_buku`, `id_peminjam`, `id_pengunjung`, `jumlah_kembali`) VALUES (\'15002\', \'123\', \'6\', \'8\', \'3\')')
 3 SYSTEMPATH\Database\BaseBuilder.php(2340): CodeIgniter\Database\BaseConnection->query('INSERT INTO `pengembalians` (`id_anggota`, `id_buku`, `id_peminjam`, `id_pengunjung`, `jumlah_kembali`) VALUES (:id_anggota:, :id_buku:, :id_peminjam:, :id_pengunjung:, :jumlah_kembali:)', [...], false)
 4 SYSTEMPATH\Model.php(394): CodeIgniter\Database\BaseBuilder->insert()
 5 SYSTEMPATH\BaseModel.php(840): CodeIgniter\Model->doInsert([...])
 6 SYSTEMPATH\Model.php(802): CodeIgniter\BaseModel->insert([...], false)
 7 SYSTEMPATH\BaseModel.php(751): CodeIgniter\Model->insert([...], false)
 8 APPPATH\Controllers\PenggembalianController.php(57): CodeIgniter\BaseModel->save([...])
 9 SYSTEMPATH\CodeIgniter.php(933): App\Controllers\PenggembalianController->tambahPengembalian()
10 SYSTEMPATH\CodeIgniter.php(509): CodeIgniter\CodeIgniter->runController(Object(App\Controllers\PenggembalianController))
11 SYSTEMPATH\CodeIgniter.php(355): CodeIgniter\CodeIgniter->handleRequest(null, Object(Config\Cache), false)
12 SYSTEMPATH\Boot.php(325): CodeIgniter\CodeIgniter->run()
13 SYSTEMPATH\Boot.php(67): CodeIgniter\Boot::runCodeIgniter(Object(CodeIgniter\CodeIgniter))
14 FCPATH\index.php(56): CodeIgniter\Boot::bootWeb(Object(Config\Paths))
15 SYSTEMPATH\rewrite.php(44): require_once('F:\\XAMPP\\htdocs\\Tugas Akhir\\public\\index.php')
CRITICAL - 2024-12-22 11:55:22 --> [Caused by] mysqli_sql_exception: Table 'perpustakaan_0020.pengembalians' doesn't exist
in SYSTEMPATH\Database\MySQLi\Connection.php on line 312.
 1 SYSTEMPATH\Database\MySQLi\Connection.php(312): mysqli->query('INSERT INTO `pengembalians` (`id_anggota`, `id_buku`, `id_peminjam`, `id_pengunjung`, `jumlah_kembali`) VALUES (\'15002\', \'123\', \'6\', \'8\', \'3\')', 0)
 2 SYSTEMPATH\Database\BaseConnection.php(734): CodeIgniter\Database\MySQLi\Connection->execute('INSERT INTO `pengembalians` (`id_anggota`, `id_buku`, `id_peminjam`, `id_pengunjung`, `jumlah_kembali`) VALUES (\'15002\', \'123\', \'6\', \'8\', \'3\')')
 3 SYSTEMPATH\Database\BaseConnection.php(648): CodeIgniter\Database\BaseConnection->simpleQuery('INSERT INTO `pengembalians` (`id_anggota`, `id_buku`, `id_peminjam`, `id_pengunjung`, `jumlah_kembali`) VALUES (\'15002\', \'123\', \'6\', \'8\', \'3\')')
 4 SYSTEMPATH\Database\BaseBuilder.php(2340): CodeIgniter\Database\BaseConnection->query('INSERT INTO `pengembalians` (`id_anggota`, `id_buku`, `id_peminjam`, `id_pengunjung`, `jumlah_kembali`) VALUES (:id_anggota:, :id_buku:, :id_peminjam:, :id_pengunjung:, :jumlah_kembali:)', [...], false)
 5 SYSTEMPATH\Model.php(394): CodeIgniter\Database\BaseBuilder->insert()
 6 SYSTEMPATH\BaseModel.php(840): CodeIgniter\Model->doInsert([...])
 7 SYSTEMPATH\Model.php(802): CodeIgniter\BaseModel->insert([...], false)
 8 SYSTEMPATH\BaseModel.php(751): CodeIgniter\Model->insert([...], false)
 9 APPPATH\Controllers\PenggembalianController.php(57): CodeIgniter\BaseModel->save([...])
10 SYSTEMPATH\CodeIgniter.php(933): App\Controllers\PenggembalianController->tambahPengembalian()
11 SYSTEMPATH\CodeIgniter.php(509): CodeIgniter\CodeIgniter->runController(Object(App\Controllers\PenggembalianController))
12 SYSTEMPATH\CodeIgniter.php(355): CodeIgniter\CodeIgniter->handleRequest(null, Object(Config\Cache), false)
13 SYSTEMPATH\Boot.php(325): CodeIgniter\CodeIgniter->run()
14 SYSTEMPATH\Boot.php(67): CodeIgniter\Boot::runCodeIgniter(Object(CodeIgniter\CodeIgniter))
15 FCPATH\index.php(56): CodeIgniter\Boot::bootWeb(Object(Config\Paths))
16 SYSTEMPATH\rewrite.php(44): require_once('F:\\XAMPP\\htdocs\\Tugas Akhir\\public\\index.php')
ERROR - 2024-12-22 11:55:40 --> mysqli_sql_exception: Cannot add or update a child row: a foreign key constraint fails (`perpustakaan_0020`.`pengembalian`, CONSTRAINT `pengembalian_ibfk_3` FOREIGN KEY (`id_peminjam`) REFERENCES `peminjaman` (`id_peminjam`)) in F:\XAMPP\htdocs\Tugas Akhir\system\Database\MySQLi\Connection.php:312
Stack trace:
#0 F:\XAMPP\htdocs\Tugas Akhir\system\Database\MySQLi\Connection.php(312): mysqli->query('INSERT INTO `pe...', 0)
#1 F:\XAMPP\htdocs\Tugas Akhir\system\Database\BaseConnection.php(734): CodeIgniter\Database\MySQLi\Connection->execute('INSERT INTO `pe...')
#2 F:\XAMPP\htdocs\Tugas Akhir\system\Database\BaseConnection.php(648): CodeIgniter\Database\BaseConnection->simpleQuery('INSERT INTO `pe...')
#3 F:\XAMPP\htdocs\Tugas Akhir\system\Database\BaseBuilder.php(2340): CodeIgniter\Database\BaseConnection->query('INSERT INTO `pe...', Array, false)
#4 F:\XAMPP\htdocs\Tugas Akhir\system\Model.php(394): CodeIgniter\Database\BaseBuilder->insert()
#5 F:\XAMPP\htdocs\Tugas Akhir\system\BaseModel.php(840): CodeIgniter\Model->doInsert(Array)
#6 F:\XAMPP\htdocs\Tugas Akhir\system\Model.php(802): CodeIgniter\BaseModel->insert(Array, false)
#7 F:\XAMPP\htdocs\Tugas Akhir\system\BaseModel.php(751): CodeIgniter\Model->insert(Array, false)
#8 F:\XAMPP\htdocs\Tugas Akhir\app\Controllers\PenggembalianController.php(57): CodeIgniter\BaseModel->save(Array)
#9 F:\XAMPP\htdocs\Tugas Akhir\system\CodeIgniter.php(933): App\Controllers\PenggembalianController->tambahPengembalian()
#10 F:\XAMPP\htdocs\Tugas Akhir\system\CodeIgniter.php(509): CodeIgniter\CodeIgniter->runController(Object(App\Controllers\PenggembalianController))
#11 F:\XAMPP\htdocs\Tugas Akhir\system\CodeIgniter.php(355): CodeIgniter\CodeIgniter->handleRequest(NULL, Object(Config\Cache), false)
#12 F:\XAMPP\htdocs\Tugas Akhir\system\Boot.php(325): CodeIgniter\CodeIgniter->run()
#13 F:\XAMPP\htdocs\Tugas Akhir\system\Boot.php(67): CodeIgniter\Boot::runCodeIgniter(Object(CodeIgniter\CodeIgniter))
#14 F:\XAMPP\htdocs\Tugas Akhir\public\index.php(56): CodeIgniter\Boot::bootWeb(Object(Config\Paths))
#15 F:\XAMPP\htdocs\Tugas Akhir\system\rewrite.php(44): require_once('F:\\XAMPP\\htdocs...')
#16 {main}
CRITICAL - 2024-12-22 11:55:40 --> CodeIgniter\Database\Exceptions\DatabaseException: Cannot add or update a child row: a foreign key constraint fails (`perpustakaan_0020`.`pengembalian`, CONSTRAINT `pengembalian_ibfk_3` FOREIGN KEY (`id_peminjam`) REFERENCES `peminjaman` (`id_peminjam`))
[Method: POST, Route: pengembalian/tambahPengembalian]
in SYSTEMPATH\Database\BaseConnection.php on line 688.
 1 SYSTEMPATH\Database\BaseBuilder.php(2340): CodeIgniter\Database\BaseConnection->query('INSERT INTO `pengembalian` (`id_anggota`, `id_buku`, `id_peminjam`, `id_pengunjung`, `jumlah_kembali`) VALUES (:id_anggota:, :id_buku:, :id_peminjam:, :id_pengunjung:, :jumlah_kembali:)', [...], false)
 2 SYSTEMPATH\Model.php(394): CodeIgniter\Database\BaseBuilder->insert()
 3 SYSTEMPATH\BaseModel.php(840): CodeIgniter\Model->doInsert([...])
 4 SYSTEMPATH\Model.php(802): CodeIgniter\BaseModel->insert([...], false)
 5 SYSTEMPATH\BaseModel.php(751): CodeIgniter\Model->insert([...], false)
 6 APPPATH\Controllers\PenggembalianController.php(57): CodeIgniter\BaseModel->save([...])
 7 SYSTEMPATH\CodeIgniter.php(933): App\Controllers\PenggembalianController->tambahPengembalian()
 8 SYSTEMPATH\CodeIgniter.php(509): CodeIgniter\CodeIgniter->runController(Object(App\Controllers\PenggembalianController))
 9 SYSTEMPATH\CodeIgniter.php(355): CodeIgniter\CodeIgniter->handleRequest(null, Object(Config\Cache), false)
10 SYSTEMPATH\Boot.php(325): CodeIgniter\CodeIgniter->run()
11 SYSTEMPATH\Boot.php(67): CodeIgniter\Boot::runCodeIgniter(Object(CodeIgniter\CodeIgniter))
12 FCPATH\index.php(56): CodeIgniter\Boot::bootWeb(Object(Config\Paths))
13 SYSTEMPATH\rewrite.php(44): require_once('F:\\XAMPP\\htdocs\\Tugas Akhir\\public\\index.php')
CRITICAL - 2024-12-22 11:55:40 --> [Caused by] CodeIgniter\Database\Exceptions\DatabaseException: Cannot add or update a child row: a foreign key constraint fails (`perpustakaan_0020`.`pengembalian`, CONSTRAINT `pengembalian_ibfk_3` FOREIGN KEY (`id_peminjam`) REFERENCES `peminjaman` (`id_peminjam`))
in SYSTEMPATH\Database\MySQLi\Connection.php on line 317.
 1 SYSTEMPATH\Database\BaseConnection.php(734): CodeIgniter\Database\MySQLi\Connection->execute('INSERT INTO `pengembalian` (`id_anggota`, `id_buku`, `id_peminjam`, `id_pengunjung`, `jumlah_kembali`) VALUES (\'15002\', \'123\', \'6\', \'8\', \'3\')')
 2 SYSTEMPATH\Database\BaseConnection.php(648): CodeIgniter\Database\BaseConnection->simpleQuery('INSERT INTO `pengembalian` (`id_anggota`, `id_buku`, `id_peminjam`, `id_pengunjung`, `jumlah_kembali`) VALUES (\'15002\', \'123\', \'6\', \'8\', \'3\')')
 3 SYSTEMPATH\Database\BaseBuilder.php(2340): CodeIgniter\Database\BaseConnection->query('INSERT INTO `pengembalian` (`id_anggota`, `id_buku`, `id_peminjam`, `id_pengunjung`, `jumlah_kembali`) VALUES (:id_anggota:, :id_buku:, :id_peminjam:, :id_pengunjung:, :jumlah_kembali:)', [...], false)
 4 SYSTEMPATH\Model.php(394): CodeIgniter\Database\BaseBuilder->insert()
 5 SYSTEMPATH\BaseModel.php(840): CodeIgniter\Model->doInsert([...])
 6 SYSTEMPATH\Model.php(802): CodeIgniter\BaseModel->insert([...], false)
 7 SYSTEMPATH\BaseModel.php(751): CodeIgniter\Model->insert([...], false)
 8 APPPATH\Controllers\PenggembalianController.php(57): CodeIgniter\BaseModel->save([...])
 9 SYSTEMPATH\CodeIgniter.php(933): App\Controllers\PenggembalianController->tambahPengembalian()
10 SYSTEMPATH\CodeIgniter.php(509): CodeIgniter\CodeIgniter->runController(Object(App\Controllers\PenggembalianController))
11 SYSTEMPATH\CodeIgniter.php(355): CodeIgniter\CodeIgniter->handleRequest(null, Object(Config\Cache), false)
12 SYSTEMPATH\Boot.php(325): CodeIgniter\CodeIgniter->run()
13 SYSTEMPATH\Boot.php(67): CodeIgniter\Boot::runCodeIgniter(Object(CodeIgniter\CodeIgniter))
14 FCPATH\index.php(56): CodeIgniter\Boot::bootWeb(Object(Config\Paths))
15 SYSTEMPATH\rewrite.php(44): require_once('F:\\XAMPP\\htdocs\\Tugas Akhir\\public\\index.php')
CRITICAL - 2024-12-22 11:55:40 --> [Caused by] mysqli_sql_exception: Cannot add or update a child row: a foreign key constraint fails (`perpustakaan_0020`.`pengembalian`, CONSTRAINT `pengembalian_ibfk_3` FOREIGN KEY (`id_peminjam`) REFERENCES `peminjaman` (`id_peminjam`))
in SYSTEMPATH\Database\MySQLi\Connection.php on line 312.
 1 SYSTEMPATH\Database\MySQLi\Connection.php(312): mysqli->query('INSERT INTO `pengembalian` (`id_anggota`, `id_buku`, `id_peminjam`, `id_pengunjung`, `jumlah_kembali`) VALUES (\'15002\', \'123\', \'6\', \'8\', \'3\')', 0)
 2 SYSTEMPATH\Database\BaseConnection.php(734): CodeIgniter\Database\MySQLi\Connection->execute('INSERT INTO `pengembalian` (`id_anggota`, `id_buku`, `id_peminjam`, `id_pengunjung`, `jumlah_kembali`) VALUES (\'15002\', \'123\', \'6\', \'8\', \'3\')')
 3 SYSTEMPATH\Database\BaseConnection.php(648): CodeIgniter\Database\BaseConnection->simpleQuery('INSERT INTO `pengembalian` (`id_anggota`, `id_buku`, `id_peminjam`, `id_pengunjung`, `jumlah_kembali`) VALUES (\'15002\', \'123\', \'6\', \'8\', \'3\')')
 4 SYSTEMPATH\Database\BaseBuilder.php(2340): CodeIgniter\Database\BaseConnection->query('INSERT INTO `pengembalian` (`id_anggota`, `id_buku`, `id_peminjam`, `id_pengunjung`, `jumlah_kembali`) VALUES (:id_anggota:, :id_buku:, :id_peminjam:, :id_pengunjung:, :jumlah_kembali:)', [...], false)
 5 SYSTEMPATH\Model.php(394): CodeIgniter\Database\BaseBuilder->insert()
 6 SYSTEMPATH\BaseModel.php(840): CodeIgniter\Model->doInsert([...])
 7 SYSTEMPATH\Model.php(802): CodeIgniter\BaseModel->insert([...], false)
 8 SYSTEMPATH\BaseModel.php(751): CodeIgniter\Model->insert([...], false)
 9 APPPATH\Controllers\PenggembalianController.php(57): CodeIgniter\BaseModel->save([...])
10 SYSTEMPATH\CodeIgniter.php(933): App\Controllers\PenggembalianController->tambahPengembalian()
11 SYSTEMPATH\CodeIgniter.php(509): CodeIgniter\CodeIgniter->runController(Object(App\Controllers\PenggembalianController))
12 SYSTEMPATH\CodeIgniter.php(355): CodeIgniter\CodeIgniter->handleRequest(null, Object(Config\Cache), false)
13 SYSTEMPATH\Boot.php(325): CodeIgniter\CodeIgniter->run()
14 SYSTEMPATH\Boot.php(67): CodeIgniter\Boot::runCodeIgniter(Object(CodeIgniter\CodeIgniter))
15 FCPATH\index.php(56): CodeIgniter\Boot::bootWeb(Object(Config\Paths))
16 SYSTEMPATH\rewrite.php(44): require_once('F:\\XAMPP\\htdocs\\Tugas Akhir\\public\\index.php')
INFO - 2024-12-22 11:55:57 --> Session: Class initialized using 'CodeIgniter\Session\Handlers\FileHandler' driver.
INFO - 2024-12-22 11:56:29 --> Session: Class initialized using 'CodeIgniter\Session\Handlers\FileHandler' driver.
ERROR - 2024-12-22 11:56:41 --> mysqli_sql_exception: Cannot add or update a child row: a foreign key constraint fails (`perpustakaan_0020`.`pengembalian`, CONSTRAINT `pengembalian_ibfk_3` FOREIGN KEY (`id_peminjam`) REFERENCES `peminjaman` (`id_peminjam`)) in F:\XAMPP\htdocs\Tugas Akhir\system\Database\MySQLi\Connection.php:312
Stack trace:
#0 F:\XAMPP\htdocs\Tugas Akhir\system\Database\MySQLi\Connection.php(312): mysqli->query('INSERT INTO `pe...', 0)
#1 F:\XAMPP\htdocs\Tugas Akhir\system\Database\BaseConnection.php(734): CodeIgniter\Database\MySQLi\Connection->execute('INSERT INTO `pe...')
#2 F:\XAMPP\htdocs\Tugas Akhir\system\Database\BaseConnection.php(648): CodeIgniter\Database\BaseConnection->simpleQuery('INSERT INTO `pe...')
#3 F:\XAMPP\htdocs\Tugas Akhir\system\Database\BaseBuilder.php(2340): CodeIgniter\Database\BaseConnection->query('INSERT INTO `pe...', Array, false)
#4 F:\XAMPP\htdocs\Tugas Akhir\system\Model.php(394): CodeIgniter\Database\BaseBuilder->insert()
#5 F:\XAMPP\htdocs\Tugas Akhir\system\BaseModel.php(840): CodeIgniter\Model->doInsert(Array)
#6 F:\XAMPP\htdocs\Tugas Akhir\system\Model.php(802): CodeIgniter\BaseModel->insert(Array, false)
#7 F:\XAMPP\htdocs\Tugas Akhir\system\BaseModel.php(751): CodeIgniter\Model->insert(Array, false)
#8 F:\XAMPP\htdocs\Tugas Akhir\app\Controllers\PenggembalianController.php(57): CodeIgniter\BaseModel->save(Array)
#9 F:\XAMPP\htdocs\Tugas Akhir\system\CodeIgniter.php(933): App\Controllers\PenggembalianController->tambahPengembalian()
#10 F:\XAMPP\htdocs\Tugas Akhir\system\CodeIgniter.php(509): CodeIgniter\CodeIgniter->runController(Object(App\Controllers\PenggembalianController))
#11 F:\XAMPP\htdocs\Tugas Akhir\system\CodeIgniter.php(355): CodeIgniter\CodeIgniter->handleRequest(NULL, Object(Config\Cache), false)
#12 F:\XAMPP\htdocs\Tugas Akhir\system\Boot.php(325): CodeIgniter\CodeIgniter->run()
#13 F:\XAMPP\htdocs\Tugas Akhir\system\Boot.php(67): CodeIgniter\Boot::runCodeIgniter(Object(CodeIgniter\CodeIgniter))
#14 F:\XAMPP\htdocs\Tugas Akhir\public\index.php(56): CodeIgniter\Boot::bootWeb(Object(Config\Paths))
#15 F:\XAMPP\htdocs\Tugas Akhir\system\rewrite.php(44): require_once('F:\\XAMPP\\htdocs...')
#16 {main}
CRITICAL - 2024-12-22 11:56:41 --> CodeIgniter\Database\Exceptions\DatabaseException: Cannot add or update a child row: a foreign key constraint fails (`perpustakaan_0020`.`pengembalian`, CONSTRAINT `pengembalian_ibfk_3` FOREIGN KEY (`id_peminjam`) REFERENCES `peminjaman` (`id_peminjam`))
[Method: POST, Route: pengembalian/tambahPengembalian]
in SYSTEMPATH\Database\BaseConnection.php on line 688.
 1 SYSTEMPATH\Database\BaseBuilder.php(2340): CodeIgniter\Database\BaseConnection->query('INSERT INTO `pengembalian` (`id_anggota`, `id_buku`, `id_peminjam`, `id_pengunjung`, `jumlah_kembali`) VALUES (:id_anggota:, :id_buku:, :id_peminjam:, :id_pengunjung:, :jumlah_kembali:)', [...], false)
 2 SYSTEMPATH\Model.php(394): CodeIgniter\Database\BaseBuilder->insert()
 3 SYSTEMPATH\BaseModel.php(840): CodeIgniter\Model->doInsert([...])
 4 SYSTEMPATH\Model.php(802): CodeIgniter\BaseModel->insert([...], false)
 5 SYSTEMPATH\BaseModel.php(751): CodeIgniter\Model->insert([...], false)
 6 APPPATH\Controllers\PenggembalianController.php(57): CodeIgniter\BaseModel->save([...])
 7 SYSTEMPATH\CodeIgniter.php(933): App\Controllers\PenggembalianController->tambahPengembalian()
 8 SYSTEMPATH\CodeIgniter.php(509): CodeIgniter\CodeIgniter->runController(Object(App\Controllers\PenggembalianController))
 9 SYSTEMPATH\CodeIgniter.php(355): CodeIgniter\CodeIgniter->handleRequest(null, Object(Config\Cache), false)
10 SYSTEMPATH\Boot.php(325): CodeIgniter\CodeIgniter->run()
11 SYSTEMPATH\Boot.php(67): CodeIgniter\Boot::runCodeIgniter(Object(CodeIgniter\CodeIgniter))
12 FCPATH\index.php(56): CodeIgniter\Boot::bootWeb(Object(Config\Paths))
13 SYSTEMPATH\rewrite.php(44): require_once('F:\\XAMPP\\htdocs\\Tugas Akhir\\public\\index.php')
CRITICAL - 2024-12-22 11:56:41 --> [Caused by] CodeIgniter\Database\Exceptions\DatabaseException: Cannot add or update a child row: a foreign key constraint fails (`perpustakaan_0020`.`pengembalian`, CONSTRAINT `pengembalian_ibfk_3` FOREIGN KEY (`id_peminjam`) REFERENCES `peminjaman` (`id_peminjam`))
in SYSTEMPATH\Database\MySQLi\Connection.php on line 317.
 1 SYSTEMPATH\Database\BaseConnection.php(734): CodeIgniter\Database\MySQLi\Connection->execute('INSERT INTO `pengembalian` (`id_anggota`, `id_buku`, `id_peminjam`, `id_pengunjung`, `jumlah_kembali`) VALUES (\'15002\', \'123\', \'6\', \'8\', \'3\')')
 2 SYSTEMPATH\Database\BaseConnection.php(648): CodeIgniter\Database\BaseConnection->simpleQuery('INSERT INTO `pengembalian` (`id_anggota`, `id_buku`, `id_peminjam`, `id_pengunjung`, `jumlah_kembali`) VALUES (\'15002\', \'123\', \'6\', \'8\', \'3\')')
 3 SYSTEMPATH\Database\BaseBuilder.php(2340): CodeIgniter\Database\BaseConnection->query('INSERT INTO `pengembalian` (`id_anggota`, `id_buku`, `id_peminjam`, `id_pengunjung`, `jumlah_kembali`) VALUES (:id_anggota:, :id_buku:, :id_peminjam:, :id_pengunjung:, :jumlah_kembali:)', [...], false)
 4 SYSTEMPATH\Model.php(394): CodeIgniter\Database\BaseBuilder->insert()
 5 SYSTEMPATH\BaseModel.php(840): CodeIgniter\Model->doInsert([...])
 6 SYSTEMPATH\Model.php(802): CodeIgniter\BaseModel->insert([...], false)
 7 SYSTEMPATH\BaseModel.php(751): CodeIgniter\Model->insert([...], false)
 8 APPPATH\Controllers\PenggembalianController.php(57): CodeIgniter\BaseModel->save([...])
 9 SYSTEMPATH\CodeIgniter.php(933): App\Controllers\PenggembalianController->tambahPengembalian()
10 SYSTEMPATH\CodeIgniter.php(509): CodeIgniter\CodeIgniter->runController(Object(App\Controllers\PenggembalianController))
11 SYSTEMPATH\CodeIgniter.php(355): CodeIgniter\CodeIgniter->handleRequest(null, Object(Config\Cache), false)
12 SYSTEMPATH\Boot.php(325): CodeIgniter\CodeIgniter->run()
13 SYSTEMPATH\Boot.php(67): CodeIgniter\Boot::runCodeIgniter(Object(CodeIgniter\CodeIgniter))
14 FCPATH\index.php(56): CodeIgniter\Boot::bootWeb(Object(Config\Paths))
15 SYSTEMPATH\rewrite.php(44): require_once('F:\\XAMPP\\htdocs\\Tugas Akhir\\public\\index.php')
CRITICAL - 2024-12-22 11:56:41 --> [Caused by] mysqli_sql_exception: Cannot add or update a child row: a foreign key constraint fails (`perpustakaan_0020`.`pengembalian`, CONSTRAINT `pengembalian_ibfk_3` FOREIGN KEY (`id_peminjam`) REFERENCES `peminjaman` (`id_peminjam`))
in SYSTEMPATH\Database\MySQLi\Connection.php on line 312.
 1 SYSTEMPATH\Database\MySQLi\Connection.php(312): mysqli->query('INSERT INTO `pengembalian` (`id_anggota`, `id_buku`, `id_peminjam`, `id_pengunjung`, `jumlah_kembali`) VALUES (\'15002\', \'123\', \'6\', \'8\', \'3\')', 0)
 2 SYSTEMPATH\Database\BaseConnection.php(734): CodeIgniter\Database\MySQLi\Connection->execute('INSERT INTO `pengembalian` (`id_anggota`, `id_buku`, `id_peminjam`, `id_pengunjung`, `jumlah_kembali`) VALUES (\'15002\', \'123\', \'6\', \'8\', \'3\')')
 3 SYSTEMPATH\Database\BaseConnection.php(648): CodeIgniter\Database\BaseConnection->simpleQuery('INSERT INTO `pengembalian` (`id_anggota`, `id_buku`, `id_peminjam`, `id_pengunjung`, `jumlah_kembali`) VALUES (\'15002\', \'123\', \'6\', \'8\', \'3\')')
 4 SYSTEMPATH\Database\BaseBuilder.php(2340): CodeIgniter\Database\BaseConnection->query('INSERT INTO `pengembalian` (`id_anggota`, `id_buku`, `id_peminjam`, `id_pengunjung`, `jumlah_kembali`) VALUES (:id_anggota:, :id_buku:, :id_peminjam:, :id_pengunjung:, :jumlah_kembali:)', [...], false)
 5 SYSTEMPATH\Model.php(394): CodeIgniter\Database\BaseBuilder->insert()
 6 SYSTEMPATH\BaseModel.php(840): CodeIgniter\Model->doInsert([...])
 7 SYSTEMPATH\Model.php(802): CodeIgniter\BaseModel->insert([...], false)
 8 SYSTEMPATH\BaseModel.php(751): CodeIgniter\Model->insert([...], false)
 9 APPPATH\Controllers\PenggembalianController.php(57): CodeIgniter\BaseModel->save([...])
10 SYSTEMPATH\CodeIgniter.php(933): App\Controllers\PenggembalianController->tambahPengembalian()
11 SYSTEMPATH\CodeIgniter.php(509): CodeIgniter\CodeIgniter->runController(Object(App\Controllers\PenggembalianController))
12 SYSTEMPATH\CodeIgniter.php(355): CodeIgniter\CodeIgniter->handleRequest(null, Object(Config\Cache), false)
13 SYSTEMPATH\Boot.php(325): CodeIgniter\CodeIgniter->run()
14 SYSTEMPATH\Boot.php(67): CodeIgniter\Boot::runCodeIgniter(Object(CodeIgniter\CodeIgniter))
15 FCPATH\index.php(56): CodeIgniter\Boot::bootWeb(Object(Config\Paths))
16 SYSTEMPATH\rewrite.php(44): require_once('F:\\XAMPP\\htdocs\\Tugas Akhir\\public\\index.php')
INFO - 2024-12-22 11:58:09 --> Session: Class initialized using 'CodeIgniter\Session\Handlers\FileHandler' driver.
INFO - 2024-12-22 11:58:12 --> Session: Class initialized using 'CodeIgniter\Session\Handlers\FileHandler' driver.
INFO - 2024-12-22 11:58:15 --> Session: Class initialized using 'CodeIgniter\Session\Handlers\FileHandler' driver.
INFO - 2024-12-22 11:58:22 --> Session: Class initialized using 'CodeIgniter\Session\Handlers\FileHandler' driver.
INFO - 2024-12-22 11:58:24 --> Session: Class initialized using 'CodeIgniter\Session\Handlers\FileHandler' driver.
INFO - 2024-12-22 11:58:31 --> Session: Class initialized using 'CodeIgniter\Session\Handlers\FileHandler' driver.
INFO - 2024-12-22 11:58:40 --> Session: Class initialized using 'CodeIgniter\Session\Handlers\FileHandler' driver.
INFO - 2024-12-22 11:58:52 --> Session: Class initialized using 'CodeIgniter\Session\Handlers\FileHandler' driver.
INFO - 2024-12-22 11:58:58 --> Session: Class initialized using 'CodeIgniter\Session\Handlers\FileHandler' driver.
INFO - 2024-12-22 11:59:12 --> Session: Class initialized using 'CodeIgniter\Session\Handlers\FileHandler' driver.
INFO - 2024-12-22 11:59:21 --> Session: Class initialized using 'CodeIgniter\Session\Handlers\FileHandler' driver.
INFO - 2024-12-22 11:59:23 --> Session: Class initialized using 'CodeIgniter\Session\Handlers\FileHandler' driver.
INFO - 2024-12-22 11:59:37 --> Session: Class initialized using 'CodeIgniter\Session\Handlers\FileHandler' driver.
INFO - 2024-12-22 11:59:38 --> Session: Class initialized using 'CodeIgniter\Session\Handlers\FileHandler' driver.
INFO - 2024-12-22 12:00:10 --> Session: Class initialized using 'CodeIgniter\Session\Handlers\FileHandler' driver.
INFO - 2024-12-22 12:09:40 --> Session: Class initialized using 'CodeIgniter\Session\Handlers\FileHandler' driver.
INFO - 2024-12-22 12:09:48 --> Session: Class initialized using 'CodeIgniter\Session\Handlers\FileHandler' driver.
INFO - 2024-12-22 12:09:57 --> Session: Class initialized using 'CodeIgniter\Session\Handlers\FileHandler' driver.
INFO - 2024-12-22 12:10:09 --> Session: Class initialized using 'CodeIgniter\Session\Handlers\FileHandler' driver.
INFO - 2024-12-22 12:10:19 --> Session: Class initialized using 'CodeIgniter\Session\Handlers\FileHandler' driver.
INFO - 2024-12-22 12:10:20 --> Session: Class initialized using 'CodeIgniter\Session\Handlers\FileHandler' driver.
INFO - 2024-12-22 12:10:24 --> Session: Class initialized using 'CodeIgniter\Session\Handlers\FileHandler' driver.
INFO - 2024-12-22 12:17:30 --> Session: Class initialized using 'CodeIgniter\Session\Handlers\FileHandler' driver.
INFO - 2024-12-22 12:17:44 --> Session: Class initialized using 'CodeIgniter\Session\Handlers\FileHandler' driver.
INFO - 2024-12-22 12:17:58 --> Session: Class initialized using 'CodeIgniter\Session\Handlers\FileHandler' driver.
INFO - 2024-12-22 12:17:58 --> Session: Class initialized using 'CodeIgniter\Session\Handlers\FileHandler' driver.
INFO - 2024-12-22 12:18:39 --> Session: Class initialized using 'CodeIgniter\Session\Handlers\FileHandler' driver.
INFO - 2024-12-22 12:18:42 --> Session: Class initialized using 'CodeIgniter\Session\Handlers\FileHandler' driver.
INFO - 2024-12-22 12:18:54 --> Session: Class initialized using 'CodeIgniter\Session\Handlers\FileHandler' driver.
INFO - 2024-12-22 12:18:55 --> Session: Class initialized using 'CodeIgniter\Session\Handlers\FileHandler' driver.
INFO - 2024-12-22 12:19:04 --> Session: Class initialized using 'CodeIgniter\Session\Handlers\FileHandler' driver.
