INFO - 2025-01-06 06:57:29 --> Session: Class initialized using 'CodeIgniter\Session\Handlers\FileHandler' driver.
INFO - 2025-01-06 06:57:29 --> Session: Class initialized using 'CodeIgniter\Session\Handlers\FileHandler' driver.
INFO - 2025-01-06 07:03:38 --> Session: Class initialized using 'CodeIgniter\Session\Handlers\FileHandler' driver.
INFO - 2025-01-06 07:03:39 --> Session: Class initialized using 'CodeIgniter\Session\Handlers\FileHandler' driver.
INFO - 2025-01-06 07:03:58 --> Session: Class initialized using 'CodeIgniter\Session\Handlers\FileHandler' driver.
INFO - 2025-01-06 07:03:59 --> Session: Class initialized using 'CodeIgniter\Session\Handlers\FileHandler' driver.
INFO - 2025-01-06 07:09:31 --> Session: Class initialized using 'CodeIgniter\Session\Handlers\FileHandler' driver.
INFO - 2025-01-06 07:09:33 --> Session: Class initialized using 'CodeIgniter\Session\Handlers\FileHandler' driver.
INFO - 2025-01-06 07:10:43 --> Session: Class initialized using 'CodeIgniter\Session\Handlers\FileHandler' driver.
INFO - 2025-01-06 07:10:47 --> Session: Class initialized using 'CodeIgniter\Session\Handlers\FileHandler' driver.
INFO - 2025-01-06 07:10:56 --> Session: Class initialized using 'CodeIgniter\Session\Handlers\FileHandler' driver.
INFO - 2025-01-06 07:12:49 --> Session: Class initialized using 'CodeIgniter\Session\Handlers\FileHandler' driver.
INFO - 2025-01-06 07:13:21 --> Session: Class initialized using 'CodeIgniter\Session\Handlers\FileHandler' driver.
INFO - 2025-01-06 07:13:52 --> Session: Class initialized using 'CodeIgniter\Session\Handlers\FileHandler' driver.
INFO - 2025-01-06 07:13:57 --> Session: Class initialized using 'CodeIgniter\Session\Handlers\FileHandler' driver.
INFO - 2025-01-06 07:13:57 --> Session: Class initialized using 'CodeIgniter\Session\Handlers\FileHandler' driver.
INFO - 2025-01-06 07:14:16 --> Session: Class initialized using 'CodeIgniter\Session\Handlers\FileHandler' driver.
INFO - 2025-01-06 07:14:16 --> Session: Class initialized using 'CodeIgniter\Session\Handlers\FileHandler' driver.
INFO - 2025-01-06 07:14:40 --> Session: Class initialized using 'CodeIgniter\Session\Handlers\FileHandler' driver.
INFO - 2025-01-06 07:14:40 --> Session: Class initialized using 'CodeIgniter\Session\Handlers\FileHandler' driver.
INFO - 2025-01-06 07:14:45 --> Session: Class initialized using 'CodeIgniter\Session\Handlers\FileHandler' driver.
INFO - 2025-01-06 07:14:45 --> Session: Class initialized using 'CodeIgniter\Session\Handlers\FileHandler' driver.
INFO - 2025-01-06 07:14:51 --> Session: Class initialized using 'CodeIgniter\Session\Handlers\FileHandler' driver.
INFO - 2025-01-06 07:14:52 --> Session: Class initialized using 'CodeIgniter\Session\Handlers\FileHandler' driver.
INFO - 2025-01-06 07:16:19 --> Session: Class initialized using 'CodeIgniter\Session\Handlers\FileHandler' driver.
INFO - 2025-01-06 07:16:38 --> Session: Class initialized using 'CodeIgniter\Session\Handlers\FileHandler' driver.
ERROR - 2025-01-06 07:16:39 --> mysqli_sql_exception: Can't update table 'peminjaman' in stored function/trigger because it is already used by statement which invoked this stored function/trigger in C:\xampp\htdocs\Tugas Akhirkur\system\Database\MySQLi\Connection.php:312
Stack trace:
#0 C:\xampp\htdocs\Tugas Akhirkur\system\Database\MySQLi\Connection.php(312): mysqli->query('INSERT INTO `pe...', 0)
#1 C:\xampp\htdocs\Tugas Akhirkur\system\Database\BaseConnection.php(734): CodeIgniter\Database\MySQLi\Connection->execute('INSERT INTO `pe...')
#2 C:\xampp\htdocs\Tugas Akhirkur\system\Database\BaseConnection.php(648): CodeIgniter\Database\BaseConnection->simpleQuery('INSERT INTO `pe...')
#3 C:\xampp\htdocs\Tugas Akhirkur\system\Database\BaseBuilder.php(2340): CodeIgniter\Database\BaseConnection->query('INSERT INTO `pe...', Array, false)
#4 C:\xampp\htdocs\Tugas Akhirkur\system\Model.php(394): CodeIgniter\Database\BaseBuilder->insert()
#5 C:\xampp\htdocs\Tugas Akhirkur\system\BaseModel.php(840): CodeIgniter\Model->doInsert(Array)
#6 C:\xampp\htdocs\Tugas Akhirkur\system\Model.php(802): CodeIgniter\BaseModel->insert(Array, false)
#7 C:\xampp\htdocs\Tugas Akhirkur\system\BaseModel.php(751): CodeIgniter\Model->insert(Array, false)
#8 C:\xampp\htdocs\Tugas Akhirkur\app\Controllers\PenggembalianController.php(128): CodeIgniter\BaseModel->save(Array)
#9 C:\xampp\htdocs\Tugas Akhirkur\system\CodeIgniter.php(933): App\Controllers\PenggembalianController->tambahPengembalian()
#10 C:\xampp\htdocs\Tugas Akhirkur\system\CodeIgniter.php(509): CodeIgniter\CodeIgniter->runController(Object(App\Controllers\PenggembalianController))
#11 C:\xampp\htdocs\Tugas Akhirkur\system\CodeIgniter.php(355): CodeIgniter\CodeIgniter->handleRequest(NULL, Object(Config\Cache), false)
#12 C:\xampp\htdocs\Tugas Akhirkur\system\Boot.php(325): CodeIgniter\CodeIgniter->run()
#13 C:\xampp\htdocs\Tugas Akhirkur\system\Boot.php(67): CodeIgniter\Boot::runCodeIgniter(Object(CodeIgniter\CodeIgniter))
#14 C:\xampp\htdocs\Tugas Akhirkur\public\index.php(56): CodeIgniter\Boot::bootWeb(Object(Config\Paths))
#15 C:\xampp\htdocs\Tugas Akhirkur\system\rewrite.php(44): require_once('C:\\xampp\\htdocs...')
#16 {main}
CRITICAL - 2025-01-06 07:16:39 --> CodeIgniter\Database\Exceptions\DatabaseException: Can't update table 'peminjaman' in stored function/trigger because it is already used by statement which invoked this stored function/trigger
[Method: POST, Route: pengembalian/tambahPengembalian]
in SYSTEMPATH\Database\BaseConnection.php on line 688.
 1 SYSTEMPATH\Database\BaseBuilder.php(2340): CodeIgniter\Database\BaseConnection->query('INSERT INTO `pengembalian` (`id_anggota`, `id_buku`, `id_pengunjung`, `id_peminjam`, `jumlah_kembali`) VALUES (:id_anggota:, :id_buku:, :id_pengunjung:, :id_peminjam:, :jumlah_kembali:)', [...], false)
 2 SYSTEMPATH\Model.php(394): CodeIgniter\Database\BaseBuilder->insert()
 3 SYSTEMPATH\BaseModel.php(840): CodeIgniter\Model->doInsert([...])
 4 SYSTEMPATH\Model.php(802): CodeIgniter\BaseModel->insert([...], false)
 5 SYSTEMPATH\BaseModel.php(751): CodeIgniter\Model->insert([...], false)
 6 APPPATH\Controllers\PenggembalianController.php(128): CodeIgniter\BaseModel->save([...])
 7 SYSTEMPATH\CodeIgniter.php(933): App\Controllers\PenggembalianController->tambahPengembalian()
 8 SYSTEMPATH\CodeIgniter.php(509): CodeIgniter\CodeIgniter->runController(Object(App\Controllers\PenggembalianController))
 9 SYSTEMPATH\CodeIgniter.php(355): CodeIgniter\CodeIgniter->handleRequest(null, Object(Config\Cache), false)
10 SYSTEMPATH\Boot.php(325): CodeIgniter\CodeIgniter->run()
11 SYSTEMPATH\Boot.php(67): CodeIgniter\Boot::runCodeIgniter(Object(CodeIgniter\CodeIgniter))
12 FCPATH\index.php(56): CodeIgniter\Boot::bootWeb(Object(Config\Paths))
13 SYSTEMPATH\rewrite.php(44): require_once('C:\\xampp\\htdocs\\Tugas Akhirkur\\public\\index.php')
CRITICAL - 2025-01-06 07:16:39 --> [Caused by] CodeIgniter\Database\Exceptions\DatabaseException: Can't update table 'peminjaman' in stored function/trigger because it is already used by statement which invoked this stored function/trigger
in SYSTEMPATH\Database\MySQLi\Connection.php on line 317.
 1 SYSTEMPATH\Database\BaseConnection.php(734): CodeIgniter\Database\MySQLi\Connection->execute('INSERT INTO `pengembalian` (`id_anggota`, `id_buku`, `id_pengunjung`, `id_peminjam`, `jumlah_kembali`) VALUES (\'15003\', \'BP002\', \'1\', \'2\', \'1\')')
 2 SYSTEMPATH\Database\BaseConnection.php(648): CodeIgniter\Database\BaseConnection->simpleQuery('INSERT INTO `pengembalian` (`id_anggota`, `id_buku`, `id_pengunjung`, `id_peminjam`, `jumlah_kembali`) VALUES (\'15003\', \'BP002\', \'1\', \'2\', \'1\')')
 3 SYSTEMPATH\Database\BaseBuilder.php(2340): CodeIgniter\Database\BaseConnection->query('INSERT INTO `pengembalian` (`id_anggota`, `id_buku`, `id_pengunjung`, `id_peminjam`, `jumlah_kembali`) VALUES (:id_anggota:, :id_buku:, :id_pengunjung:, :id_peminjam:, :jumlah_kembali:)', [...], false)
 4 SYSTEMPATH\Model.php(394): CodeIgniter\Database\BaseBuilder->insert()
 5 SYSTEMPATH\BaseModel.php(840): CodeIgniter\Model->doInsert([...])
 6 SYSTEMPATH\Model.php(802): CodeIgniter\BaseModel->insert([...], false)
 7 SYSTEMPATH\BaseModel.php(751): CodeIgniter\Model->insert([...], false)
 8 APPPATH\Controllers\PenggembalianController.php(128): CodeIgniter\BaseModel->save([...])
 9 SYSTEMPATH\CodeIgniter.php(933): App\Controllers\PenggembalianController->tambahPengembalian()
10 SYSTEMPATH\CodeIgniter.php(509): CodeIgniter\CodeIgniter->runController(Object(App\Controllers\PenggembalianController))
11 SYSTEMPATH\CodeIgniter.php(355): CodeIgniter\CodeIgniter->handleRequest(null, Object(Config\Cache), false)
12 SYSTEMPATH\Boot.php(325): CodeIgniter\CodeIgniter->run()
13 SYSTEMPATH\Boot.php(67): CodeIgniter\Boot::runCodeIgniter(Object(CodeIgniter\CodeIgniter))
14 FCPATH\index.php(56): CodeIgniter\Boot::bootWeb(Object(Config\Paths))
15 SYSTEMPATH\rewrite.php(44): require_once('C:\\xampp\\htdocs\\Tugas Akhirkur\\public\\index.php')
CRITICAL - 2025-01-06 07:16:39 --> [Caused by] mysqli_sql_exception: Can't update table 'peminjaman' in stored function/trigger because it is already used by statement which invoked this stored function/trigger
in SYSTEMPATH\Database\MySQLi\Connection.php on line 312.
 1 SYSTEMPATH\Database\MySQLi\Connection.php(312): mysqli->query('INSERT INTO `pengembalian` (`id_anggota`, `id_buku`, `id_pengunjung`, `id_peminjam`, `jumlah_kembali`) VALUES (\'15003\', \'BP002\', \'1\', \'2\', \'1\')', 0)
 2 SYSTEMPATH\Database\BaseConnection.php(734): CodeIgniter\Database\MySQLi\Connection->execute('INSERT INTO `pengembalian` (`id_anggota`, `id_buku`, `id_pengunjung`, `id_peminjam`, `jumlah_kembali`) VALUES (\'15003\', \'BP002\', \'1\', \'2\', \'1\')')
 3 SYSTEMPATH\Database\BaseConnection.php(648): CodeIgniter\Database\BaseConnection->simpleQuery('INSERT INTO `pengembalian` (`id_anggota`, `id_buku`, `id_pengunjung`, `id_peminjam`, `jumlah_kembali`) VALUES (\'15003\', \'BP002\', \'1\', \'2\', \'1\')')
 4 SYSTEMPATH\Database\BaseBuilder.php(2340): CodeIgniter\Database\BaseConnection->query('INSERT INTO `pengembalian` (`id_anggota`, `id_buku`, `id_pengunjung`, `id_peminjam`, `jumlah_kembali`) VALUES (:id_anggota:, :id_buku:, :id_pengunjung:, :id_peminjam:, :jumlah_kembali:)', [...], false)
 5 SYSTEMPATH\Model.php(394): CodeIgniter\Database\BaseBuilder->insert()
 6 SYSTEMPATH\BaseModel.php(840): CodeIgniter\Model->doInsert([...])
 7 SYSTEMPATH\Model.php(802): CodeIgniter\BaseModel->insert([...], false)
 8 SYSTEMPATH\BaseModel.php(751): CodeIgniter\Model->insert([...], false)
 9 APPPATH\Controllers\PenggembalianController.php(128): CodeIgniter\BaseModel->save([...])
10 SYSTEMPATH\CodeIgniter.php(933): App\Controllers\PenggembalianController->tambahPengembalian()
11 SYSTEMPATH\CodeIgniter.php(509): CodeIgniter\CodeIgniter->runController(Object(App\Controllers\PenggembalianController))
12 SYSTEMPATH\CodeIgniter.php(355): CodeIgniter\CodeIgniter->handleRequest(null, Object(Config\Cache), false)
13 SYSTEMPATH\Boot.php(325): CodeIgniter\CodeIgniter->run()
14 SYSTEMPATH\Boot.php(67): CodeIgniter\Boot::runCodeIgniter(Object(CodeIgniter\CodeIgniter))
15 FCPATH\index.php(56): CodeIgniter\Boot::bootWeb(Object(Config\Paths))
16 SYSTEMPATH\rewrite.php(44): require_once('C:\\xampp\\htdocs\\Tugas Akhirkur\\public\\index.php')
INFO - 2025-01-06 07:17:59 --> Session: Class initialized using 'CodeIgniter\Session\Handlers\FileHandler' driver.
ERROR - 2025-01-06 07:17:59 --> mysqli_sql_exception: Table 'perpustakaan_0020.log_status_peminjaman' doesn't exist in C:\xampp\htdocs\Tugas Akhirkur\system\Database\MySQLi\Connection.php:312
Stack trace:
#0 C:\xampp\htdocs\Tugas Akhirkur\system\Database\MySQLi\Connection.php(312): mysqli->query('INSERT INTO `pe...', 0)
#1 C:\xampp\htdocs\Tugas Akhirkur\system\Database\BaseConnection.php(734): CodeIgniter\Database\MySQLi\Connection->execute('INSERT INTO `pe...')
#2 C:\xampp\htdocs\Tugas Akhirkur\system\Database\BaseConnection.php(648): CodeIgniter\Database\BaseConnection->simpleQuery('INSERT INTO `pe...')
#3 C:\xampp\htdocs\Tugas Akhirkur\system\Database\BaseBuilder.php(2340): CodeIgniter\Database\BaseConnection->query('INSERT INTO `pe...', Array, false)
#4 C:\xampp\htdocs\Tugas Akhirkur\system\Model.php(394): CodeIgniter\Database\BaseBuilder->insert()
#5 C:\xampp\htdocs\Tugas Akhirkur\system\BaseModel.php(840): CodeIgniter\Model->doInsert(Array)
#6 C:\xampp\htdocs\Tugas Akhirkur\system\Model.php(802): CodeIgniter\BaseModel->insert(Array, false)
#7 C:\xampp\htdocs\Tugas Akhirkur\system\BaseModel.php(751): CodeIgniter\Model->insert(Array, false)
#8 C:\xampp\htdocs\Tugas Akhirkur\app\Controllers\PenggembalianController.php(128): CodeIgniter\BaseModel->save(Array)
#9 C:\xampp\htdocs\Tugas Akhirkur\system\CodeIgniter.php(933): App\Controllers\PenggembalianController->tambahPengembalian()
#10 C:\xampp\htdocs\Tugas Akhirkur\system\CodeIgniter.php(509): CodeIgniter\CodeIgniter->runController(Object(App\Controllers\PenggembalianController))
#11 C:\xampp\htdocs\Tugas Akhirkur\system\CodeIgniter.php(355): CodeIgniter\CodeIgniter->handleRequest(NULL, Object(Config\Cache), false)
#12 C:\xampp\htdocs\Tugas Akhirkur\system\Boot.php(325): CodeIgniter\CodeIgniter->run()
#13 C:\xampp\htdocs\Tugas Akhirkur\system\Boot.php(67): CodeIgniter\Boot::runCodeIgniter(Object(CodeIgniter\CodeIgniter))
#14 C:\xampp\htdocs\Tugas Akhirkur\public\index.php(56): CodeIgniter\Boot::bootWeb(Object(Config\Paths))
#15 C:\xampp\htdocs\Tugas Akhirkur\system\rewrite.php(44): require_once('C:\\xampp\\htdocs...')
#16 {main}
CRITICAL - 2025-01-06 07:17:59 --> CodeIgniter\Database\Exceptions\DatabaseException: Table 'perpustakaan_0020.log_status_peminjaman' doesn't exist
[Method: POST, Route: pengembalian/tambahPengembalian]
in SYSTEMPATH\Database\BaseConnection.php on line 688.
 1 SYSTEMPATH\Database\BaseBuilder.php(2340): CodeIgniter\Database\BaseConnection->query('INSERT INTO `pengembalian` (`id_anggota`, `id_buku`, `id_pengunjung`, `id_peminjam`, `jumlah_kembali`) VALUES (:id_anggota:, :id_buku:, :id_pengunjung:, :id_peminjam:, :jumlah_kembali:)', [...], false)
 2 SYSTEMPATH\Model.php(394): CodeIgniter\Database\BaseBuilder->insert()
 3 SYSTEMPATH\BaseModel.php(840): CodeIgniter\Model->doInsert([...])
 4 SYSTEMPATH\Model.php(802): CodeIgniter\BaseModel->insert([...], false)
 5 SYSTEMPATH\BaseModel.php(751): CodeIgniter\Model->insert([...], false)
 6 APPPATH\Controllers\PenggembalianController.php(128): CodeIgniter\BaseModel->save([...])
 7 SYSTEMPATH\CodeIgniter.php(933): App\Controllers\PenggembalianController->tambahPengembalian()
 8 SYSTEMPATH\CodeIgniter.php(509): CodeIgniter\CodeIgniter->runController(Object(App\Controllers\PenggembalianController))
 9 SYSTEMPATH\CodeIgniter.php(355): CodeIgniter\CodeIgniter->handleRequest(null, Object(Config\Cache), false)
10 SYSTEMPATH\Boot.php(325): CodeIgniter\CodeIgniter->run()
11 SYSTEMPATH\Boot.php(67): CodeIgniter\Boot::runCodeIgniter(Object(CodeIgniter\CodeIgniter))
12 FCPATH\index.php(56): CodeIgniter\Boot::bootWeb(Object(Config\Paths))
13 SYSTEMPATH\rewrite.php(44): require_once('C:\\xampp\\htdocs\\Tugas Akhirkur\\public\\index.php')
CRITICAL - 2025-01-06 07:17:59 --> [Caused by] CodeIgniter\Database\Exceptions\DatabaseException: Table 'perpustakaan_0020.log_status_peminjaman' doesn't exist
in SYSTEMPATH\Database\MySQLi\Connection.php on line 317.
 1 SYSTEMPATH\Database\BaseConnection.php(734): CodeIgniter\Database\MySQLi\Connection->execute('INSERT INTO `pengembalian` (`id_anggota`, `id_buku`, `id_pengunjung`, `id_peminjam`, `jumlah_kembali`) VALUES (\'15003\', \'BP002\', \'1\', \'2\', \'1\')')
 2 SYSTEMPATH\Database\BaseConnection.php(648): CodeIgniter\Database\BaseConnection->simpleQuery('INSERT INTO `pengembalian` (`id_anggota`, `id_buku`, `id_pengunjung`, `id_peminjam`, `jumlah_kembali`) VALUES (\'15003\', \'BP002\', \'1\', \'2\', \'1\')')
 3 SYSTEMPATH\Database\BaseBuilder.php(2340): CodeIgniter\Database\BaseConnection->query('INSERT INTO `pengembalian` (`id_anggota`, `id_buku`, `id_pengunjung`, `id_peminjam`, `jumlah_kembali`) VALUES (:id_anggota:, :id_buku:, :id_pengunjung:, :id_peminjam:, :jumlah_kembali:)', [...], false)
 4 SYSTEMPATH\Model.php(394): CodeIgniter\Database\BaseBuilder->insert()
 5 SYSTEMPATH\BaseModel.php(840): CodeIgniter\Model->doInsert([...])
 6 SYSTEMPATH\Model.php(802): CodeIgniter\BaseModel->insert([...], false)
 7 SYSTEMPATH\BaseModel.php(751): CodeIgniter\Model->insert([...], false)
 8 APPPATH\Controllers\PenggembalianController.php(128): CodeIgniter\BaseModel->save([...])
 9 SYSTEMPATH\CodeIgniter.php(933): App\Controllers\PenggembalianController->tambahPengembalian()
10 SYSTEMPATH\CodeIgniter.php(509): CodeIgniter\CodeIgniter->runController(Object(App\Controllers\PenggembalianController))
11 SYSTEMPATH\CodeIgniter.php(355): CodeIgniter\CodeIgniter->handleRequest(null, Object(Config\Cache), false)
12 SYSTEMPATH\Boot.php(325): CodeIgniter\CodeIgniter->run()
13 SYSTEMPATH\Boot.php(67): CodeIgniter\Boot::runCodeIgniter(Object(CodeIgniter\CodeIgniter))
14 FCPATH\index.php(56): CodeIgniter\Boot::bootWeb(Object(Config\Paths))
15 SYSTEMPATH\rewrite.php(44): require_once('C:\\xampp\\htdocs\\Tugas Akhirkur\\public\\index.php')
CRITICAL - 2025-01-06 07:17:59 --> [Caused by] mysqli_sql_exception: Table 'perpustakaan_0020.log_status_peminjaman' doesn't exist
in SYSTEMPATH\Database\MySQLi\Connection.php on line 312.
 1 SYSTEMPATH\Database\MySQLi\Connection.php(312): mysqli->query('INSERT INTO `pengembalian` (`id_anggota`, `id_buku`, `id_pengunjung`, `id_peminjam`, `jumlah_kembali`) VALUES (\'15003\', \'BP002\', \'1\', \'2\', \'1\')', 0)
 2 SYSTEMPATH\Database\BaseConnection.php(734): CodeIgniter\Database\MySQLi\Connection->execute('INSERT INTO `pengembalian` (`id_anggota`, `id_buku`, `id_pengunjung`, `id_peminjam`, `jumlah_kembali`) VALUES (\'15003\', \'BP002\', \'1\', \'2\', \'1\')')
 3 SYSTEMPATH\Database\BaseConnection.php(648): CodeIgniter\Database\BaseConnection->simpleQuery('INSERT INTO `pengembalian` (`id_anggota`, `id_buku`, `id_pengunjung`, `id_peminjam`, `jumlah_kembali`) VALUES (\'15003\', \'BP002\', \'1\', \'2\', \'1\')')
 4 SYSTEMPATH\Database\BaseBuilder.php(2340): CodeIgniter\Database\BaseConnection->query('INSERT INTO `pengembalian` (`id_anggota`, `id_buku`, `id_pengunjung`, `id_peminjam`, `jumlah_kembali`) VALUES (:id_anggota:, :id_buku:, :id_pengunjung:, :id_peminjam:, :jumlah_kembali:)', [...], false)
 5 SYSTEMPATH\Model.php(394): CodeIgniter\Database\BaseBuilder->insert()
 6 SYSTEMPATH\BaseModel.php(840): CodeIgniter\Model->doInsert([...])
 7 SYSTEMPATH\Model.php(802): CodeIgniter\BaseModel->insert([...], false)
 8 SYSTEMPATH\BaseModel.php(751): CodeIgniter\Model->insert([...], false)
 9 APPPATH\Controllers\PenggembalianController.php(128): CodeIgniter\BaseModel->save([...])
10 SYSTEMPATH\CodeIgniter.php(933): App\Controllers\PenggembalianController->tambahPengembalian()
11 SYSTEMPATH\CodeIgniter.php(509): CodeIgniter\CodeIgniter->runController(Object(App\Controllers\PenggembalianController))
12 SYSTEMPATH\CodeIgniter.php(355): CodeIgniter\CodeIgniter->handleRequest(null, Object(Config\Cache), false)
13 SYSTEMPATH\Boot.php(325): CodeIgniter\CodeIgniter->run()
14 SYSTEMPATH\Boot.php(67): CodeIgniter\Boot::runCodeIgniter(Object(CodeIgniter\CodeIgniter))
15 FCPATH\index.php(56): CodeIgniter\Boot::bootWeb(Object(Config\Paths))
16 SYSTEMPATH\rewrite.php(44): require_once('C:\\xampp\\htdocs\\Tugas Akhirkur\\public\\index.php')
INFO - 2025-01-06 07:21:19 --> Session: Class initialized using 'CodeIgniter\Session\Handlers\FileHandler' driver.
INFO - 2025-01-06 07:21:20 --> Session: Class initialized using 'CodeIgniter\Session\Handlers\FileHandler' driver.
ERROR - 2025-01-06 07:21:21 --> mysqli_sql_exception: Table 'perpustakaan_0020.log_status_peminjaman' doesn't exist in C:\xampp\htdocs\Tugas Akhirkur\system\Database\MySQLi\Connection.php:312
Stack trace:
#0 C:\xampp\htdocs\Tugas Akhirkur\system\Database\MySQLi\Connection.php(312): mysqli->query('INSERT INTO `pe...', 0)
#1 C:\xampp\htdocs\Tugas Akhirkur\system\Database\BaseConnection.php(734): CodeIgniter\Database\MySQLi\Connection->execute('INSERT INTO `pe...')
#2 C:\xampp\htdocs\Tugas Akhirkur\system\Database\BaseConnection.php(648): CodeIgniter\Database\BaseConnection->simpleQuery('INSERT INTO `pe...')
#3 C:\xampp\htdocs\Tugas Akhirkur\system\Database\BaseBuilder.php(2340): CodeIgniter\Database\BaseConnection->query('INSERT INTO `pe...', Array, false)
#4 C:\xampp\htdocs\Tugas Akhirkur\system\Model.php(394): CodeIgniter\Database\BaseBuilder->insert()
#5 C:\xampp\htdocs\Tugas Akhirkur\system\BaseModel.php(840): CodeIgniter\Model->doInsert(Array)
#6 C:\xampp\htdocs\Tugas Akhirkur\system\Model.php(802): CodeIgniter\BaseModel->insert(Array, false)
#7 C:\xampp\htdocs\Tugas Akhirkur\system\BaseModel.php(751): CodeIgniter\Model->insert(Array, false)
#8 C:\xampp\htdocs\Tugas Akhirkur\app\Controllers\PenggembalianController.php(128): CodeIgniter\BaseModel->save(Array)
#9 C:\xampp\htdocs\Tugas Akhirkur\system\CodeIgniter.php(933): App\Controllers\PenggembalianController->tambahPengembalian()
#10 C:\xampp\htdocs\Tugas Akhirkur\system\CodeIgniter.php(509): CodeIgniter\CodeIgniter->runController(Object(App\Controllers\PenggembalianController))
#11 C:\xampp\htdocs\Tugas Akhirkur\system\CodeIgniter.php(355): CodeIgniter\CodeIgniter->handleRequest(NULL, Object(Config\Cache), false)
#12 C:\xampp\htdocs\Tugas Akhirkur\system\Boot.php(325): CodeIgniter\CodeIgniter->run()
#13 C:\xampp\htdocs\Tugas Akhirkur\system\Boot.php(67): CodeIgniter\Boot::runCodeIgniter(Object(CodeIgniter\CodeIgniter))
#14 C:\xampp\htdocs\Tugas Akhirkur\public\index.php(56): CodeIgniter\Boot::bootWeb(Object(Config\Paths))
#15 C:\xampp\htdocs\Tugas Akhirkur\system\rewrite.php(44): require_once('C:\\xampp\\htdocs...')
#16 {main}
CRITICAL - 2025-01-06 07:21:21 --> CodeIgniter\Database\Exceptions\DatabaseException: Table 'perpustakaan_0020.log_status_peminjaman' doesn't exist
[Method: POST, Route: pengembalian/tambahPengembalian]
in SYSTEMPATH\Database\BaseConnection.php on line 688.
 1 SYSTEMPATH\Database\BaseBuilder.php(2340): CodeIgniter\Database\BaseConnection->query('INSERT INTO `pengembalian` (`id_anggota`, `id_buku`, `id_pengunjung`, `id_peminjam`, `jumlah_kembali`) VALUES (:id_anggota:, :id_buku:, :id_pengunjung:, :id_peminjam:, :jumlah_kembali:)', [...], false)
 2 SYSTEMPATH\Model.php(394): CodeIgniter\Database\BaseBuilder->insert()
 3 SYSTEMPATH\BaseModel.php(840): CodeIgniter\Model->doInsert([...])
 4 SYSTEMPATH\Model.php(802): CodeIgniter\BaseModel->insert([...], false)
 5 SYSTEMPATH\BaseModel.php(751): CodeIgniter\Model->insert([...], false)
 6 APPPATH\Controllers\PenggembalianController.php(128): CodeIgniter\BaseModel->save([...])
 7 SYSTEMPATH\CodeIgniter.php(933): App\Controllers\PenggembalianController->tambahPengembalian()
 8 SYSTEMPATH\CodeIgniter.php(509): CodeIgniter\CodeIgniter->runController(Object(App\Controllers\PenggembalianController))
 9 SYSTEMPATH\CodeIgniter.php(355): CodeIgniter\CodeIgniter->handleRequest(null, Object(Config\Cache), false)
10 SYSTEMPATH\Boot.php(325): CodeIgniter\CodeIgniter->run()
11 SYSTEMPATH\Boot.php(67): CodeIgniter\Boot::runCodeIgniter(Object(CodeIgniter\CodeIgniter))
12 FCPATH\index.php(56): CodeIgniter\Boot::bootWeb(Object(Config\Paths))
13 SYSTEMPATH\rewrite.php(44): require_once('C:\\xampp\\htdocs\\Tugas Akhirkur\\public\\index.php')
CRITICAL - 2025-01-06 07:21:21 --> [Caused by] CodeIgniter\Database\Exceptions\DatabaseException: Table 'perpustakaan_0020.log_status_peminjaman' doesn't exist
in SYSTEMPATH\Database\MySQLi\Connection.php on line 317.
 1 SYSTEMPATH\Database\BaseConnection.php(734): CodeIgniter\Database\MySQLi\Connection->execute('INSERT INTO `pengembalian` (`id_anggota`, `id_buku`, `id_pengunjung`, `id_peminjam`, `jumlah_kembali`) VALUES (\'15003\', \'BP002\', \'1\', \'2\', \'1\')')
 2 SYSTEMPATH\Database\BaseConnection.php(648): CodeIgniter\Database\BaseConnection->simpleQuery('INSERT INTO `pengembalian` (`id_anggota`, `id_buku`, `id_pengunjung`, `id_peminjam`, `jumlah_kembali`) VALUES (\'15003\', \'BP002\', \'1\', \'2\', \'1\')')
 3 SYSTEMPATH\Database\BaseBuilder.php(2340): CodeIgniter\Database\BaseConnection->query('INSERT INTO `pengembalian` (`id_anggota`, `id_buku`, `id_pengunjung`, `id_peminjam`, `jumlah_kembali`) VALUES (:id_anggota:, :id_buku:, :id_pengunjung:, :id_peminjam:, :jumlah_kembali:)', [...], false)
 4 SYSTEMPATH\Model.php(394): CodeIgniter\Database\BaseBuilder->insert()
 5 SYSTEMPATH\BaseModel.php(840): CodeIgniter\Model->doInsert([...])
 6 SYSTEMPATH\Model.php(802): CodeIgniter\BaseModel->insert([...], false)
 7 SYSTEMPATH\BaseModel.php(751): CodeIgniter\Model->insert([...], false)
 8 APPPATH\Controllers\PenggembalianController.php(128): CodeIgniter\BaseModel->save([...])
 9 SYSTEMPATH\CodeIgniter.php(933): App\Controllers\PenggembalianController->tambahPengembalian()
10 SYSTEMPATH\CodeIgniter.php(509): CodeIgniter\CodeIgniter->runController(Object(App\Controllers\PenggembalianController))
11 SYSTEMPATH\CodeIgniter.php(355): CodeIgniter\CodeIgniter->handleRequest(null, Object(Config\Cache), false)
12 SYSTEMPATH\Boot.php(325): CodeIgniter\CodeIgniter->run()
13 SYSTEMPATH\Boot.php(67): CodeIgniter\Boot::runCodeIgniter(Object(CodeIgniter\CodeIgniter))
14 FCPATH\index.php(56): CodeIgniter\Boot::bootWeb(Object(Config\Paths))
15 SYSTEMPATH\rewrite.php(44): require_once('C:\\xampp\\htdocs\\Tugas Akhirkur\\public\\index.php')
CRITICAL - 2025-01-06 07:21:21 --> [Caused by] mysqli_sql_exception: Table 'perpustakaan_0020.log_status_peminjaman' doesn't exist
in SYSTEMPATH\Database\MySQLi\Connection.php on line 312.
 1 SYSTEMPATH\Database\MySQLi\Connection.php(312): mysqli->query('INSERT INTO `pengembalian` (`id_anggota`, `id_buku`, `id_pengunjung`, `id_peminjam`, `jumlah_kembali`) VALUES (\'15003\', \'BP002\', \'1\', \'2\', \'1\')', 0)
 2 SYSTEMPATH\Database\BaseConnection.php(734): CodeIgniter\Database\MySQLi\Connection->execute('INSERT INTO `pengembalian` (`id_anggota`, `id_buku`, `id_pengunjung`, `id_peminjam`, `jumlah_kembali`) VALUES (\'15003\', \'BP002\', \'1\', \'2\', \'1\')')
 3 SYSTEMPATH\Database\BaseConnection.php(648): CodeIgniter\Database\BaseConnection->simpleQuery('INSERT INTO `pengembalian` (`id_anggota`, `id_buku`, `id_pengunjung`, `id_peminjam`, `jumlah_kembali`) VALUES (\'15003\', \'BP002\', \'1\', \'2\', \'1\')')
 4 SYSTEMPATH\Database\BaseBuilder.php(2340): CodeIgniter\Database\BaseConnection->query('INSERT INTO `pengembalian` (`id_anggota`, `id_buku`, `id_pengunjung`, `id_peminjam`, `jumlah_kembali`) VALUES (:id_anggota:, :id_buku:, :id_pengunjung:, :id_peminjam:, :jumlah_kembali:)', [...], false)
 5 SYSTEMPATH\Model.php(394): CodeIgniter\Database\BaseBuilder->insert()
 6 SYSTEMPATH\BaseModel.php(840): CodeIgniter\Model->doInsert([...])
 7 SYSTEMPATH\Model.php(802): CodeIgniter\BaseModel->insert([...], false)
 8 SYSTEMPATH\BaseModel.php(751): CodeIgniter\Model->insert([...], false)
 9 APPPATH\Controllers\PenggembalianController.php(128): CodeIgniter\BaseModel->save([...])
10 SYSTEMPATH\CodeIgniter.php(933): App\Controllers\PenggembalianController->tambahPengembalian()
11 SYSTEMPATH\CodeIgniter.php(509): CodeIgniter\CodeIgniter->runController(Object(App\Controllers\PenggembalianController))
12 SYSTEMPATH\CodeIgniter.php(355): CodeIgniter\CodeIgniter->handleRequest(null, Object(Config\Cache), false)
13 SYSTEMPATH\Boot.php(325): CodeIgniter\CodeIgniter->run()
14 SYSTEMPATH\Boot.php(67): CodeIgniter\Boot::runCodeIgniter(Object(CodeIgniter\CodeIgniter))
15 FCPATH\index.php(56): CodeIgniter\Boot::bootWeb(Object(Config\Paths))
16 SYSTEMPATH\rewrite.php(44): require_once('C:\\xampp\\htdocs\\Tugas Akhirkur\\public\\index.php')
INFO - 2025-01-06 07:22:01 --> Session: Class initialized using 'CodeIgniter\Session\Handlers\FileHandler' driver.
ERROR - 2025-01-06 07:22:01 --> mysqli_sql_exception: Can't update table 'peminjaman' in stored function/trigger because it is already used by statement which invoked this stored function/trigger in C:\xampp\htdocs\Tugas Akhirkur\system\Database\MySQLi\Connection.php:312
Stack trace:
#0 C:\xampp\htdocs\Tugas Akhirkur\system\Database\MySQLi\Connection.php(312): mysqli->query('INSERT INTO `pe...', 0)
#1 C:\xampp\htdocs\Tugas Akhirkur\system\Database\BaseConnection.php(734): CodeIgniter\Database\MySQLi\Connection->execute('INSERT INTO `pe...')
#2 C:\xampp\htdocs\Tugas Akhirkur\system\Database\BaseConnection.php(648): CodeIgniter\Database\BaseConnection->simpleQuery('INSERT INTO `pe...')
#3 C:\xampp\htdocs\Tugas Akhirkur\system\Database\BaseBuilder.php(2340): CodeIgniter\Database\BaseConnection->query('INSERT INTO `pe...', Array, false)
#4 C:\xampp\htdocs\Tugas Akhirkur\system\Model.php(394): CodeIgniter\Database\BaseBuilder->insert()
#5 C:\xampp\htdocs\Tugas Akhirkur\system\BaseModel.php(840): CodeIgniter\Model->doInsert(Array)
#6 C:\xampp\htdocs\Tugas Akhirkur\system\Model.php(802): CodeIgniter\BaseModel->insert(Array, false)
#7 C:\xampp\htdocs\Tugas Akhirkur\system\BaseModel.php(751): CodeIgniter\Model->insert(Array, false)
#8 C:\xampp\htdocs\Tugas Akhirkur\app\Controllers\PenggembalianController.php(128): CodeIgniter\BaseModel->save(Array)
#9 C:\xampp\htdocs\Tugas Akhirkur\system\CodeIgniter.php(933): App\Controllers\PenggembalianController->tambahPengembalian()
#10 C:\xampp\htdocs\Tugas Akhirkur\system\CodeIgniter.php(509): CodeIgniter\CodeIgniter->runController(Object(App\Controllers\PenggembalianController))
#11 C:\xampp\htdocs\Tugas Akhirkur\system\CodeIgniter.php(355): CodeIgniter\CodeIgniter->handleRequest(NULL, Object(Config\Cache), false)
#12 C:\xampp\htdocs\Tugas Akhirkur\system\Boot.php(325): CodeIgniter\CodeIgniter->run()
#13 C:\xampp\htdocs\Tugas Akhirkur\system\Boot.php(67): CodeIgniter\Boot::runCodeIgniter(Object(CodeIgniter\CodeIgniter))
#14 C:\xampp\htdocs\Tugas Akhirkur\public\index.php(56): CodeIgniter\Boot::bootWeb(Object(Config\Paths))
#15 C:\xampp\htdocs\Tugas Akhirkur\system\rewrite.php(44): require_once('C:\\xampp\\htdocs...')
#16 {main}
CRITICAL - 2025-01-06 07:22:01 --> CodeIgniter\Database\Exceptions\DatabaseException: Can't update table 'peminjaman' in stored function/trigger because it is already used by statement which invoked this stored function/trigger
[Method: POST, Route: pengembalian/tambahPengembalian]
in SYSTEMPATH\Database\BaseConnection.php on line 688.
 1 SYSTEMPATH\Database\BaseBuilder.php(2340): CodeIgniter\Database\BaseConnection->query('INSERT INTO `pengembalian` (`id_anggota`, `id_buku`, `id_pengunjung`, `id_peminjam`, `jumlah_kembali`) VALUES (:id_anggota:, :id_buku:, :id_pengunjung:, :id_peminjam:, :jumlah_kembali:)', [...], false)
 2 SYSTEMPATH\Model.php(394): CodeIgniter\Database\BaseBuilder->insert()
 3 SYSTEMPATH\BaseModel.php(840): CodeIgniter\Model->doInsert([...])
 4 SYSTEMPATH\Model.php(802): CodeIgniter\BaseModel->insert([...], false)
 5 SYSTEMPATH\BaseModel.php(751): CodeIgniter\Model->insert([...], false)
 6 APPPATH\Controllers\PenggembalianController.php(128): CodeIgniter\BaseModel->save([...])
 7 SYSTEMPATH\CodeIgniter.php(933): App\Controllers\PenggembalianController->tambahPengembalian()
 8 SYSTEMPATH\CodeIgniter.php(509): CodeIgniter\CodeIgniter->runController(Object(App\Controllers\PenggembalianController))
 9 SYSTEMPATH\CodeIgniter.php(355): CodeIgniter\CodeIgniter->handleRequest(null, Object(Config\Cache), false)
10 SYSTEMPATH\Boot.php(325): CodeIgniter\CodeIgniter->run()
11 SYSTEMPATH\Boot.php(67): CodeIgniter\Boot::runCodeIgniter(Object(CodeIgniter\CodeIgniter))
12 FCPATH\index.php(56): CodeIgniter\Boot::bootWeb(Object(Config\Paths))
13 SYSTEMPATH\rewrite.php(44): require_once('C:\\xampp\\htdocs\\Tugas Akhirkur\\public\\index.php')
CRITICAL - 2025-01-06 07:22:01 --> [Caused by] CodeIgniter\Database\Exceptions\DatabaseException: Can't update table 'peminjaman' in stored function/trigger because it is already used by statement which invoked this stored function/trigger
in SYSTEMPATH\Database\MySQLi\Connection.php on line 317.
 1 SYSTEMPATH\Database\BaseConnection.php(734): CodeIgniter\Database\MySQLi\Connection->execute('INSERT INTO `pengembalian` (`id_anggota`, `id_buku`, `id_pengunjung`, `id_peminjam`, `jumlah_kembali`) VALUES (\'15003\', \'BP002\', \'1\', \'2\', \'1\')')
 2 SYSTEMPATH\Database\BaseConnection.php(648): CodeIgniter\Database\BaseConnection->simpleQuery('INSERT INTO `pengembalian` (`id_anggota`, `id_buku`, `id_pengunjung`, `id_peminjam`, `jumlah_kembali`) VALUES (\'15003\', \'BP002\', \'1\', \'2\', \'1\')')
 3 SYSTEMPATH\Database\BaseBuilder.php(2340): CodeIgniter\Database\BaseConnection->query('INSERT INTO `pengembalian` (`id_anggota`, `id_buku`, `id_pengunjung`, `id_peminjam`, `jumlah_kembali`) VALUES (:id_anggota:, :id_buku:, :id_pengunjung:, :id_peminjam:, :jumlah_kembali:)', [...], false)
 4 SYSTEMPATH\Model.php(394): CodeIgniter\Database\BaseBuilder->insert()
 5 SYSTEMPATH\BaseModel.php(840): CodeIgniter\Model->doInsert([...])
 6 SYSTEMPATH\Model.php(802): CodeIgniter\BaseModel->insert([...], false)
 7 SYSTEMPATH\BaseModel.php(751): CodeIgniter\Model->insert([...], false)
 8 APPPATH\Controllers\PenggembalianController.php(128): CodeIgniter\BaseModel->save([...])
 9 SYSTEMPATH\CodeIgniter.php(933): App\Controllers\PenggembalianController->tambahPengembalian()
10 SYSTEMPATH\CodeIgniter.php(509): CodeIgniter\CodeIgniter->runController(Object(App\Controllers\PenggembalianController))
11 SYSTEMPATH\CodeIgniter.php(355): CodeIgniter\CodeIgniter->handleRequest(null, Object(Config\Cache), false)
12 SYSTEMPATH\Boot.php(325): CodeIgniter\CodeIgniter->run()
13 SYSTEMPATH\Boot.php(67): CodeIgniter\Boot::runCodeIgniter(Object(CodeIgniter\CodeIgniter))
14 FCPATH\index.php(56): CodeIgniter\Boot::bootWeb(Object(Config\Paths))
15 SYSTEMPATH\rewrite.php(44): require_once('C:\\xampp\\htdocs\\Tugas Akhirkur\\public\\index.php')
CRITICAL - 2025-01-06 07:22:01 --> [Caused by] mysqli_sql_exception: Can't update table 'peminjaman' in stored function/trigger because it is already used by statement which invoked this stored function/trigger
in SYSTEMPATH\Database\MySQLi\Connection.php on line 312.
 1 SYSTEMPATH\Database\MySQLi\Connection.php(312): mysqli->query('INSERT INTO `pengembalian` (`id_anggota`, `id_buku`, `id_pengunjung`, `id_peminjam`, `jumlah_kembali`) VALUES (\'15003\', \'BP002\', \'1\', \'2\', \'1\')', 0)
 2 SYSTEMPATH\Database\BaseConnection.php(734): CodeIgniter\Database\MySQLi\Connection->execute('INSERT INTO `pengembalian` (`id_anggota`, `id_buku`, `id_pengunjung`, `id_peminjam`, `jumlah_kembali`) VALUES (\'15003\', \'BP002\', \'1\', \'2\', \'1\')')
 3 SYSTEMPATH\Database\BaseConnection.php(648): CodeIgniter\Database\BaseConnection->simpleQuery('INSERT INTO `pengembalian` (`id_anggota`, `id_buku`, `id_pengunjung`, `id_peminjam`, `jumlah_kembali`) VALUES (\'15003\', \'BP002\', \'1\', \'2\', \'1\')')
 4 SYSTEMPATH\Database\BaseBuilder.php(2340): CodeIgniter\Database\BaseConnection->query('INSERT INTO `pengembalian` (`id_anggota`, `id_buku`, `id_pengunjung`, `id_peminjam`, `jumlah_kembali`) VALUES (:id_anggota:, :id_buku:, :id_pengunjung:, :id_peminjam:, :jumlah_kembali:)', [...], false)
 5 SYSTEMPATH\Model.php(394): CodeIgniter\Database\BaseBuilder->insert()
 6 SYSTEMPATH\BaseModel.php(840): CodeIgniter\Model->doInsert([...])
 7 SYSTEMPATH\Model.php(802): CodeIgniter\BaseModel->insert([...], false)
 8 SYSTEMPATH\BaseModel.php(751): CodeIgniter\Model->insert([...], false)
 9 APPPATH\Controllers\PenggembalianController.php(128): CodeIgniter\BaseModel->save([...])
10 SYSTEMPATH\CodeIgniter.php(933): App\Controllers\PenggembalianController->tambahPengembalian()
11 SYSTEMPATH\CodeIgniter.php(509): CodeIgniter\CodeIgniter->runController(Object(App\Controllers\PenggembalianController))
12 SYSTEMPATH\CodeIgniter.php(355): CodeIgniter\CodeIgniter->handleRequest(null, Object(Config\Cache), false)
13 SYSTEMPATH\Boot.php(325): CodeIgniter\CodeIgniter->run()
14 SYSTEMPATH\Boot.php(67): CodeIgniter\Boot::runCodeIgniter(Object(CodeIgniter\CodeIgniter))
15 FCPATH\index.php(56): CodeIgniter\Boot::bootWeb(Object(Config\Paths))
16 SYSTEMPATH\rewrite.php(44): require_once('C:\\xampp\\htdocs\\Tugas Akhirkur\\public\\index.php')
INFO - 2025-01-06 07:25:12 --> Session: Class initialized using 'CodeIgniter\Session\Handlers\FileHandler' driver.
ERROR - 2025-01-06 07:25:12 --> mysqli_sql_exception: Can't update table 'peminjaman' in stored function/trigger because it is already used by statement which invoked this stored function/trigger in C:\xampp\htdocs\Tugas Akhirkur\system\Database\MySQLi\Connection.php:312
Stack trace:
#0 C:\xampp\htdocs\Tugas Akhirkur\system\Database\MySQLi\Connection.php(312): mysqli->query('INSERT INTO `pe...', 0)
#1 C:\xampp\htdocs\Tugas Akhirkur\system\Database\BaseConnection.php(734): CodeIgniter\Database\MySQLi\Connection->execute('INSERT INTO `pe...')
#2 C:\xampp\htdocs\Tugas Akhirkur\system\Database\BaseConnection.php(648): CodeIgniter\Database\BaseConnection->simpleQuery('INSERT INTO `pe...')
#3 C:\xampp\htdocs\Tugas Akhirkur\system\Database\BaseBuilder.php(2340): CodeIgniter\Database\BaseConnection->query('INSERT INTO `pe...', Array, false)
#4 C:\xampp\htdocs\Tugas Akhirkur\system\Model.php(394): CodeIgniter\Database\BaseBuilder->insert()
#5 C:\xampp\htdocs\Tugas Akhirkur\system\BaseModel.php(840): CodeIgniter\Model->doInsert(Array)
#6 C:\xampp\htdocs\Tugas Akhirkur\system\Model.php(802): CodeIgniter\BaseModel->insert(Array, false)
#7 C:\xampp\htdocs\Tugas Akhirkur\system\BaseModel.php(751): CodeIgniter\Model->insert(Array, false)
#8 C:\xampp\htdocs\Tugas Akhirkur\app\Controllers\PenggembalianController.php(128): CodeIgniter\BaseModel->save(Array)
#9 C:\xampp\htdocs\Tugas Akhirkur\system\CodeIgniter.php(933): App\Controllers\PenggembalianController->tambahPengembalian()
#10 C:\xampp\htdocs\Tugas Akhirkur\system\CodeIgniter.php(509): CodeIgniter\CodeIgniter->runController(Object(App\Controllers\PenggembalianController))
#11 C:\xampp\htdocs\Tugas Akhirkur\system\CodeIgniter.php(355): CodeIgniter\CodeIgniter->handleRequest(NULL, Object(Config\Cache), false)
#12 C:\xampp\htdocs\Tugas Akhirkur\system\Boot.php(325): CodeIgniter\CodeIgniter->run()
#13 C:\xampp\htdocs\Tugas Akhirkur\system\Boot.php(67): CodeIgniter\Boot::runCodeIgniter(Object(CodeIgniter\CodeIgniter))
#14 C:\xampp\htdocs\Tugas Akhirkur\public\index.php(56): CodeIgniter\Boot::bootWeb(Object(Config\Paths))
#15 C:\xampp\htdocs\Tugas Akhirkur\system\rewrite.php(44): require_once('C:\\xampp\\htdocs...')
#16 {main}
CRITICAL - 2025-01-06 07:25:12 --> CodeIgniter\Database\Exceptions\DatabaseException: Can't update table 'peminjaman' in stored function/trigger because it is already used by statement which invoked this stored function/trigger
[Method: POST, Route: pengembalian/tambahPengembalian]
in SYSTEMPATH\Database\BaseConnection.php on line 688.
 1 SYSTEMPATH\Database\BaseBuilder.php(2340): CodeIgniter\Database\BaseConnection->query('INSERT INTO `pengembalian` (`id_anggota`, `id_buku`, `id_pengunjung`, `id_peminjam`, `jumlah_kembali`) VALUES (:id_anggota:, :id_buku:, :id_pengunjung:, :id_peminjam:, :jumlah_kembali:)', [...], false)
 2 SYSTEMPATH\Model.php(394): CodeIgniter\Database\BaseBuilder->insert()
 3 SYSTEMPATH\BaseModel.php(840): CodeIgniter\Model->doInsert([...])
 4 SYSTEMPATH\Model.php(802): CodeIgniter\BaseModel->insert([...], false)
 5 SYSTEMPATH\BaseModel.php(751): CodeIgniter\Model->insert([...], false)
 6 APPPATH\Controllers\PenggembalianController.php(128): CodeIgniter\BaseModel->save([...])
 7 SYSTEMPATH\CodeIgniter.php(933): App\Controllers\PenggembalianController->tambahPengembalian()
 8 SYSTEMPATH\CodeIgniter.php(509): CodeIgniter\CodeIgniter->runController(Object(App\Controllers\PenggembalianController))
 9 SYSTEMPATH\CodeIgniter.php(355): CodeIgniter\CodeIgniter->handleRequest(null, Object(Config\Cache), false)
10 SYSTEMPATH\Boot.php(325): CodeIgniter\CodeIgniter->run()
11 SYSTEMPATH\Boot.php(67): CodeIgniter\Boot::runCodeIgniter(Object(CodeIgniter\CodeIgniter))
12 FCPATH\index.php(56): CodeIgniter\Boot::bootWeb(Object(Config\Paths))
13 SYSTEMPATH\rewrite.php(44): require_once('C:\\xampp\\htdocs\\Tugas Akhirkur\\public\\index.php')
CRITICAL - 2025-01-06 07:25:12 --> [Caused by] CodeIgniter\Database\Exceptions\DatabaseException: Can't update table 'peminjaman' in stored function/trigger because it is already used by statement which invoked this stored function/trigger
in SYSTEMPATH\Database\MySQLi\Connection.php on line 317.
 1 SYSTEMPATH\Database\BaseConnection.php(734): CodeIgniter\Database\MySQLi\Connection->execute('INSERT INTO `pengembalian` (`id_anggota`, `id_buku`, `id_pengunjung`, `id_peminjam`, `jumlah_kembali`) VALUES (\'15003\', \'BP002\', \'1\', \'2\', \'1\')')
 2 SYSTEMPATH\Database\BaseConnection.php(648): CodeIgniter\Database\BaseConnection->simpleQuery('INSERT INTO `pengembalian` (`id_anggota`, `id_buku`, `id_pengunjung`, `id_peminjam`, `jumlah_kembali`) VALUES (\'15003\', \'BP002\', \'1\', \'2\', \'1\')')
 3 SYSTEMPATH\Database\BaseBuilder.php(2340): CodeIgniter\Database\BaseConnection->query('INSERT INTO `pengembalian` (`id_anggota`, `id_buku`, `id_pengunjung`, `id_peminjam`, `jumlah_kembali`) VALUES (:id_anggota:, :id_buku:, :id_pengunjung:, :id_peminjam:, :jumlah_kembali:)', [...], false)
 4 SYSTEMPATH\Model.php(394): CodeIgniter\Database\BaseBuilder->insert()
 5 SYSTEMPATH\BaseModel.php(840): CodeIgniter\Model->doInsert([...])
 6 SYSTEMPATH\Model.php(802): CodeIgniter\BaseModel->insert([...], false)
 7 SYSTEMPATH\BaseModel.php(751): CodeIgniter\Model->insert([...], false)
 8 APPPATH\Controllers\PenggembalianController.php(128): CodeIgniter\BaseModel->save([...])
 9 SYSTEMPATH\CodeIgniter.php(933): App\Controllers\PenggembalianController->tambahPengembalian()
10 SYSTEMPATH\CodeIgniter.php(509): CodeIgniter\CodeIgniter->runController(Object(App\Controllers\PenggembalianController))
11 SYSTEMPATH\CodeIgniter.php(355): CodeIgniter\CodeIgniter->handleRequest(null, Object(Config\Cache), false)
12 SYSTEMPATH\Boot.php(325): CodeIgniter\CodeIgniter->run()
13 SYSTEMPATH\Boot.php(67): CodeIgniter\Boot::runCodeIgniter(Object(CodeIgniter\CodeIgniter))
14 FCPATH\index.php(56): CodeIgniter\Boot::bootWeb(Object(Config\Paths))
15 SYSTEMPATH\rewrite.php(44): require_once('C:\\xampp\\htdocs\\Tugas Akhirkur\\public\\index.php')
CRITICAL - 2025-01-06 07:25:12 --> [Caused by] mysqli_sql_exception: Can't update table 'peminjaman' in stored function/trigger because it is already used by statement which invoked this stored function/trigger
in SYSTEMPATH\Database\MySQLi\Connection.php on line 312.
 1 SYSTEMPATH\Database\MySQLi\Connection.php(312): mysqli->query('INSERT INTO `pengembalian` (`id_anggota`, `id_buku`, `id_pengunjung`, `id_peminjam`, `jumlah_kembali`) VALUES (\'15003\', \'BP002\', \'1\', \'2\', \'1\')', 0)
 2 SYSTEMPATH\Database\BaseConnection.php(734): CodeIgniter\Database\MySQLi\Connection->execute('INSERT INTO `pengembalian` (`id_anggota`, `id_buku`, `id_pengunjung`, `id_peminjam`, `jumlah_kembali`) VALUES (\'15003\', \'BP002\', \'1\', \'2\', \'1\')')
 3 SYSTEMPATH\Database\BaseConnection.php(648): CodeIgniter\Database\BaseConnection->simpleQuery('INSERT INTO `pengembalian` (`id_anggota`, `id_buku`, `id_pengunjung`, `id_peminjam`, `jumlah_kembali`) VALUES (\'15003\', \'BP002\', \'1\', \'2\', \'1\')')
 4 SYSTEMPATH\Database\BaseBuilder.php(2340): CodeIgniter\Database\BaseConnection->query('INSERT INTO `pengembalian` (`id_anggota`, `id_buku`, `id_pengunjung`, `id_peminjam`, `jumlah_kembali`) VALUES (:id_anggota:, :id_buku:, :id_pengunjung:, :id_peminjam:, :jumlah_kembali:)', [...], false)
 5 SYSTEMPATH\Model.php(394): CodeIgniter\Database\BaseBuilder->insert()
 6 SYSTEMPATH\BaseModel.php(840): CodeIgniter\Model->doInsert([...])
 7 SYSTEMPATH\Model.php(802): CodeIgniter\BaseModel->insert([...], false)
 8 SYSTEMPATH\BaseModel.php(751): CodeIgniter\Model->insert([...], false)
 9 APPPATH\Controllers\PenggembalianController.php(128): CodeIgniter\BaseModel->save([...])
10 SYSTEMPATH\CodeIgniter.php(933): App\Controllers\PenggembalianController->tambahPengembalian()
11 SYSTEMPATH\CodeIgniter.php(509): CodeIgniter\CodeIgniter->runController(Object(App\Controllers\PenggembalianController))
12 SYSTEMPATH\CodeIgniter.php(355): CodeIgniter\CodeIgniter->handleRequest(null, Object(Config\Cache), false)
13 SYSTEMPATH\Boot.php(325): CodeIgniter\CodeIgniter->run()
14 SYSTEMPATH\Boot.php(67): CodeIgniter\Boot::runCodeIgniter(Object(CodeIgniter\CodeIgniter))
15 FCPATH\index.php(56): CodeIgniter\Boot::bootWeb(Object(Config\Paths))
16 SYSTEMPATH\rewrite.php(44): require_once('C:\\xampp\\htdocs\\Tugas Akhirkur\\public\\index.php')
INFO - 2025-01-06 07:25:14 --> Session: Class initialized using 'CodeIgniter\Session\Handlers\FileHandler' driver.
INFO - 2025-01-06 07:25:15 --> Session: Class initialized using 'CodeIgniter\Session\Handlers\FileHandler' driver.
INFO - 2025-01-06 07:25:15 --> Session: Class initialized using 'CodeIgniter\Session\Handlers\FileHandler' driver.
INFO - 2025-01-06 07:25:16 --> Session: Class initialized using 'CodeIgniter\Session\Handlers\FileHandler' driver.
INFO - 2025-01-06 07:25:16 --> Session: Class initialized using 'CodeIgniter\Session\Handlers\FileHandler' driver.
INFO - 2025-01-06 07:26:41 --> Session: Class initialized using 'CodeIgniter\Session\Handlers\FileHandler' driver.
INFO - 2025-01-06 07:27:14 --> Session: Class initialized using 'CodeIgniter\Session\Handlers\FileHandler' driver.
ERROR - 2025-01-06 07:27:14 --> mysqli_sql_exception: Can't update table 'peminjaman' in stored function/trigger because it is already used by statement which invoked this stored function/trigger in C:\xampp\htdocs\Tugas Akhirkur\system\Database\MySQLi\Connection.php:312
Stack trace:
#0 C:\xampp\htdocs\Tugas Akhirkur\system\Database\MySQLi\Connection.php(312): mysqli->query('INSERT INTO `pe...', 0)
#1 C:\xampp\htdocs\Tugas Akhirkur\system\Database\BaseConnection.php(734): CodeIgniter\Database\MySQLi\Connection->execute('INSERT INTO `pe...')
#2 C:\xampp\htdocs\Tugas Akhirkur\system\Database\BaseConnection.php(648): CodeIgniter\Database\BaseConnection->simpleQuery('INSERT INTO `pe...')
#3 C:\xampp\htdocs\Tugas Akhirkur\system\Database\BaseBuilder.php(2340): CodeIgniter\Database\BaseConnection->query('INSERT INTO `pe...', Array, false)
#4 C:\xampp\htdocs\Tugas Akhirkur\system\Model.php(394): CodeIgniter\Database\BaseBuilder->insert()
#5 C:\xampp\htdocs\Tugas Akhirkur\system\BaseModel.php(840): CodeIgniter\Model->doInsert(Array)
#6 C:\xampp\htdocs\Tugas Akhirkur\system\Model.php(802): CodeIgniter\BaseModel->insert(Array, false)
#7 C:\xampp\htdocs\Tugas Akhirkur\system\BaseModel.php(751): CodeIgniter\Model->insert(Array, false)
#8 C:\xampp\htdocs\Tugas Akhirkur\app\Controllers\PenggembalianController.php(128): CodeIgniter\BaseModel->save(Array)
#9 C:\xampp\htdocs\Tugas Akhirkur\system\CodeIgniter.php(933): App\Controllers\PenggembalianController->tambahPengembalian()
#10 C:\xampp\htdocs\Tugas Akhirkur\system\CodeIgniter.php(509): CodeIgniter\CodeIgniter->runController(Object(App\Controllers\PenggembalianController))
#11 C:\xampp\htdocs\Tugas Akhirkur\system\CodeIgniter.php(355): CodeIgniter\CodeIgniter->handleRequest(NULL, Object(Config\Cache), false)
#12 C:\xampp\htdocs\Tugas Akhirkur\system\Boot.php(325): CodeIgniter\CodeIgniter->run()
#13 C:\xampp\htdocs\Tugas Akhirkur\system\Boot.php(67): CodeIgniter\Boot::runCodeIgniter(Object(CodeIgniter\CodeIgniter))
#14 C:\xampp\htdocs\Tugas Akhirkur\public\index.php(56): CodeIgniter\Boot::bootWeb(Object(Config\Paths))
#15 C:\xampp\htdocs\Tugas Akhirkur\system\rewrite.php(44): require_once('C:\\xampp\\htdocs...')
#16 {main}
CRITICAL - 2025-01-06 07:27:14 --> CodeIgniter\Database\Exceptions\DatabaseException: Can't update table 'peminjaman' in stored function/trigger because it is already used by statement which invoked this stored function/trigger
[Method: POST, Route: pengembalian/tambahPengembalian]
in SYSTEMPATH\Database\BaseConnection.php on line 688.
 1 SYSTEMPATH\Database\BaseBuilder.php(2340): CodeIgniter\Database\BaseConnection->query('INSERT INTO `pengembalian` (`id_anggota`, `id_buku`, `id_pengunjung`, `id_peminjam`, `jumlah_kembali`) VALUES (:id_anggota:, :id_buku:, :id_pengunjung:, :id_peminjam:, :jumlah_kembali:)', [...], false)
 2 SYSTEMPATH\Model.php(394): CodeIgniter\Database\BaseBuilder->insert()
 3 SYSTEMPATH\BaseModel.php(840): CodeIgniter\Model->doInsert([...])
 4 SYSTEMPATH\Model.php(802): CodeIgniter\BaseModel->insert([...], false)
 5 SYSTEMPATH\BaseModel.php(751): CodeIgniter\Model->insert([...], false)
 6 APPPATH\Controllers\PenggembalianController.php(128): CodeIgniter\BaseModel->save([...])
 7 SYSTEMPATH\CodeIgniter.php(933): App\Controllers\PenggembalianController->tambahPengembalian()
 8 SYSTEMPATH\CodeIgniter.php(509): CodeIgniter\CodeIgniter->runController(Object(App\Controllers\PenggembalianController))
 9 SYSTEMPATH\CodeIgniter.php(355): CodeIgniter\CodeIgniter->handleRequest(null, Object(Config\Cache), false)
10 SYSTEMPATH\Boot.php(325): CodeIgniter\CodeIgniter->run()
11 SYSTEMPATH\Boot.php(67): CodeIgniter\Boot::runCodeIgniter(Object(CodeIgniter\CodeIgniter))
12 FCPATH\index.php(56): CodeIgniter\Boot::bootWeb(Object(Config\Paths))
13 SYSTEMPATH\rewrite.php(44): require_once('C:\\xampp\\htdocs\\Tugas Akhirkur\\public\\index.php')
CRITICAL - 2025-01-06 07:27:14 --> [Caused by] CodeIgniter\Database\Exceptions\DatabaseException: Can't update table 'peminjaman' in stored function/trigger because it is already used by statement which invoked this stored function/trigger
in SYSTEMPATH\Database\MySQLi\Connection.php on line 317.
 1 SYSTEMPATH\Database\BaseConnection.php(734): CodeIgniter\Database\MySQLi\Connection->execute('INSERT INTO `pengembalian` (`id_anggota`, `id_buku`, `id_pengunjung`, `id_peminjam`, `jumlah_kembali`) VALUES (\'15003\', \'BP002\', \'1\', \'2\', \'1\')')
 2 SYSTEMPATH\Database\BaseConnection.php(648): CodeIgniter\Database\BaseConnection->simpleQuery('INSERT INTO `pengembalian` (`id_anggota`, `id_buku`, `id_pengunjung`, `id_peminjam`, `jumlah_kembali`) VALUES (\'15003\', \'BP002\', \'1\', \'2\', \'1\')')
 3 SYSTEMPATH\Database\BaseBuilder.php(2340): CodeIgniter\Database\BaseConnection->query('INSERT INTO `pengembalian` (`id_anggota`, `id_buku`, `id_pengunjung`, `id_peminjam`, `jumlah_kembali`) VALUES (:id_anggota:, :id_buku:, :id_pengunjung:, :id_peminjam:, :jumlah_kembali:)', [...], false)
 4 SYSTEMPATH\Model.php(394): CodeIgniter\Database\BaseBuilder->insert()
 5 SYSTEMPATH\BaseModel.php(840): CodeIgniter\Model->doInsert([...])
 6 SYSTEMPATH\Model.php(802): CodeIgniter\BaseModel->insert([...], false)
 7 SYSTEMPATH\BaseModel.php(751): CodeIgniter\Model->insert([...], false)
 8 APPPATH\Controllers\PenggembalianController.php(128): CodeIgniter\BaseModel->save([...])
 9 SYSTEMPATH\CodeIgniter.php(933): App\Controllers\PenggembalianController->tambahPengembalian()
10 SYSTEMPATH\CodeIgniter.php(509): CodeIgniter\CodeIgniter->runController(Object(App\Controllers\PenggembalianController))
11 SYSTEMPATH\CodeIgniter.php(355): CodeIgniter\CodeIgniter->handleRequest(null, Object(Config\Cache), false)
12 SYSTEMPATH\Boot.php(325): CodeIgniter\CodeIgniter->run()
13 SYSTEMPATH\Boot.php(67): CodeIgniter\Boot::runCodeIgniter(Object(CodeIgniter\CodeIgniter))
14 FCPATH\index.php(56): CodeIgniter\Boot::bootWeb(Object(Config\Paths))
15 SYSTEMPATH\rewrite.php(44): require_once('C:\\xampp\\htdocs\\Tugas Akhirkur\\public\\index.php')
CRITICAL - 2025-01-06 07:27:14 --> [Caused by] mysqli_sql_exception: Can't update table 'peminjaman' in stored function/trigger because it is already used by statement which invoked this stored function/trigger
in SYSTEMPATH\Database\MySQLi\Connection.php on line 312.
 1 SYSTEMPATH\Database\MySQLi\Connection.php(312): mysqli->query('INSERT INTO `pengembalian` (`id_anggota`, `id_buku`, `id_pengunjung`, `id_peminjam`, `jumlah_kembali`) VALUES (\'15003\', \'BP002\', \'1\', \'2\', \'1\')', 0)
 2 SYSTEMPATH\Database\BaseConnection.php(734): CodeIgniter\Database\MySQLi\Connection->execute('INSERT INTO `pengembalian` (`id_anggota`, `id_buku`, `id_pengunjung`, `id_peminjam`, `jumlah_kembali`) VALUES (\'15003\', \'BP002\', \'1\', \'2\', \'1\')')
 3 SYSTEMPATH\Database\BaseConnection.php(648): CodeIgniter\Database\BaseConnection->simpleQuery('INSERT INTO `pengembalian` (`id_anggota`, `id_buku`, `id_pengunjung`, `id_peminjam`, `jumlah_kembali`) VALUES (\'15003\', \'BP002\', \'1\', \'2\', \'1\')')
 4 SYSTEMPATH\Database\BaseBuilder.php(2340): CodeIgniter\Database\BaseConnection->query('INSERT INTO `pengembalian` (`id_anggota`, `id_buku`, `id_pengunjung`, `id_peminjam`, `jumlah_kembali`) VALUES (:id_anggota:, :id_buku:, :id_pengunjung:, :id_peminjam:, :jumlah_kembali:)', [...], false)
 5 SYSTEMPATH\Model.php(394): CodeIgniter\Database\BaseBuilder->insert()
 6 SYSTEMPATH\BaseModel.php(840): CodeIgniter\Model->doInsert([...])
 7 SYSTEMPATH\Model.php(802): CodeIgniter\BaseModel->insert([...], false)
 8 SYSTEMPATH\BaseModel.php(751): CodeIgniter\Model->insert([...], false)
 9 APPPATH\Controllers\PenggembalianController.php(128): CodeIgniter\BaseModel->save([...])
10 SYSTEMPATH\CodeIgniter.php(933): App\Controllers\PenggembalianController->tambahPengembalian()
11 SYSTEMPATH\CodeIgniter.php(509): CodeIgniter\CodeIgniter->runController(Object(App\Controllers\PenggembalianController))
12 SYSTEMPATH\CodeIgniter.php(355): CodeIgniter\CodeIgniter->handleRequest(null, Object(Config\Cache), false)
13 SYSTEMPATH\Boot.php(325): CodeIgniter\CodeIgniter->run()
14 SYSTEMPATH\Boot.php(67): CodeIgniter\Boot::runCodeIgniter(Object(CodeIgniter\CodeIgniter))
15 FCPATH\index.php(56): CodeIgniter\Boot::bootWeb(Object(Config\Paths))
16 SYSTEMPATH\rewrite.php(44): require_once('C:\\xampp\\htdocs\\Tugas Akhirkur\\public\\index.php')
INFO - 2025-01-06 07:30:41 --> Session: Class initialized using 'CodeIgniter\Session\Handlers\FileHandler' driver.
ERROR - 2025-01-06 07:30:41 --> mysqli_sql_exception: Unknown column 'status' in 'field list' in C:\xampp\htdocs\Tugas Akhirkur\system\Database\MySQLi\Connection.php:312
Stack trace:
#0 C:\xampp\htdocs\Tugas Akhirkur\system\Database\MySQLi\Connection.php(312): mysqli->query('INSERT INTO `pe...', 0)
#1 C:\xampp\htdocs\Tugas Akhirkur\system\Database\BaseConnection.php(734): CodeIgniter\Database\MySQLi\Connection->execute('INSERT INTO `pe...')
#2 C:\xampp\htdocs\Tugas Akhirkur\system\Database\BaseConnection.php(648): CodeIgniter\Database\BaseConnection->simpleQuery('INSERT INTO `pe...')
#3 C:\xampp\htdocs\Tugas Akhirkur\system\Database\BaseBuilder.php(2340): CodeIgniter\Database\BaseConnection->query('INSERT INTO `pe...', Array, false)
#4 C:\xampp\htdocs\Tugas Akhirkur\system\Model.php(394): CodeIgniter\Database\BaseBuilder->insert()
#5 C:\xampp\htdocs\Tugas Akhirkur\system\BaseModel.php(840): CodeIgniter\Model->doInsert(Array)
#6 C:\xampp\htdocs\Tugas Akhirkur\system\Model.php(802): CodeIgniter\BaseModel->insert(Array, false)
#7 C:\xampp\htdocs\Tugas Akhirkur\system\BaseModel.php(751): CodeIgniter\Model->insert(Array, false)
#8 C:\xampp\htdocs\Tugas Akhirkur\app\Controllers\PenggembalianController.php(128): CodeIgniter\BaseModel->save(Array)
#9 C:\xampp\htdocs\Tugas Akhirkur\system\CodeIgniter.php(933): App\Controllers\PenggembalianController->tambahPengembalian()
#10 C:\xampp\htdocs\Tugas Akhirkur\system\CodeIgniter.php(509): CodeIgniter\CodeIgniter->runController(Object(App\Controllers\PenggembalianController))
#11 C:\xampp\htdocs\Tugas Akhirkur\system\CodeIgniter.php(355): CodeIgniter\CodeIgniter->handleRequest(NULL, Object(Config\Cache), false)
#12 C:\xampp\htdocs\Tugas Akhirkur\system\Boot.php(325): CodeIgniter\CodeIgniter->run()
#13 C:\xampp\htdocs\Tugas Akhirkur\system\Boot.php(67): CodeIgniter\Boot::runCodeIgniter(Object(CodeIgniter\CodeIgniter))
#14 C:\xampp\htdocs\Tugas Akhirkur\public\index.php(56): CodeIgniter\Boot::bootWeb(Object(Config\Paths))
#15 C:\xampp\htdocs\Tugas Akhirkur\system\rewrite.php(44): require_once('C:\\xampp\\htdocs...')
#16 {main}
CRITICAL - 2025-01-06 07:30:41 --> CodeIgniter\Database\Exceptions\DatabaseException: Unknown column 'status' in 'field list'
[Method: POST, Route: pengembalian/tambahPengembalian]
in SYSTEMPATH\Database\BaseConnection.php on line 688.
 1 SYSTEMPATH\Database\BaseBuilder.php(2340): CodeIgniter\Database\BaseConnection->query('INSERT INTO `pengembalian` (`id_anggota`, `id_buku`, `id_pengunjung`, `id_peminjam`, `jumlah_kembali`) VALUES (:id_anggota:, :id_buku:, :id_pengunjung:, :id_peminjam:, :jumlah_kembali:)', [...], false)
 2 SYSTEMPATH\Model.php(394): CodeIgniter\Database\BaseBuilder->insert()
 3 SYSTEMPATH\BaseModel.php(840): CodeIgniter\Model->doInsert([...])
 4 SYSTEMPATH\Model.php(802): CodeIgniter\BaseModel->insert([...], false)
 5 SYSTEMPATH\BaseModel.php(751): CodeIgniter\Model->insert([...], false)
 6 APPPATH\Controllers\PenggembalianController.php(128): CodeIgniter\BaseModel->save([...])
 7 SYSTEMPATH\CodeIgniter.php(933): App\Controllers\PenggembalianController->tambahPengembalian()
 8 SYSTEMPATH\CodeIgniter.php(509): CodeIgniter\CodeIgniter->runController(Object(App\Controllers\PenggembalianController))
 9 SYSTEMPATH\CodeIgniter.php(355): CodeIgniter\CodeIgniter->handleRequest(null, Object(Config\Cache), false)
10 SYSTEMPATH\Boot.php(325): CodeIgniter\CodeIgniter->run()
11 SYSTEMPATH\Boot.php(67): CodeIgniter\Boot::runCodeIgniter(Object(CodeIgniter\CodeIgniter))
12 FCPATH\index.php(56): CodeIgniter\Boot::bootWeb(Object(Config\Paths))
13 SYSTEMPATH\rewrite.php(44): require_once('C:\\xampp\\htdocs\\Tugas Akhirkur\\public\\index.php')
CRITICAL - 2025-01-06 07:30:41 --> [Caused by] CodeIgniter\Database\Exceptions\DatabaseException: Unknown column 'status' in 'field list'
in SYSTEMPATH\Database\MySQLi\Connection.php on line 317.
 1 SYSTEMPATH\Database\BaseConnection.php(734): CodeIgniter\Database\MySQLi\Connection->execute('INSERT INTO `pengembalian` (`id_anggota`, `id_buku`, `id_pengunjung`, `id_peminjam`, `jumlah_kembali`) VALUES (\'15003\', \'BP002\', \'1\', \'2\', \'1\')')
 2 SYSTEMPATH\Database\BaseConnection.php(648): CodeIgniter\Database\BaseConnection->simpleQuery('INSERT INTO `pengembalian` (`id_anggota`, `id_buku`, `id_pengunjung`, `id_peminjam`, `jumlah_kembali`) VALUES (\'15003\', \'BP002\', \'1\', \'2\', \'1\')')
 3 SYSTEMPATH\Database\BaseBuilder.php(2340): CodeIgniter\Database\BaseConnection->query('INSERT INTO `pengembalian` (`id_anggota`, `id_buku`, `id_pengunjung`, `id_peminjam`, `jumlah_kembali`) VALUES (:id_anggota:, :id_buku:, :id_pengunjung:, :id_peminjam:, :jumlah_kembali:)', [...], false)
 4 SYSTEMPATH\Model.php(394): CodeIgniter\Database\BaseBuilder->insert()
 5 SYSTEMPATH\BaseModel.php(840): CodeIgniter\Model->doInsert([...])
 6 SYSTEMPATH\Model.php(802): CodeIgniter\BaseModel->insert([...], false)
 7 SYSTEMPATH\BaseModel.php(751): CodeIgniter\Model->insert([...], false)
 8 APPPATH\Controllers\PenggembalianController.php(128): CodeIgniter\BaseModel->save([...])
 9 SYSTEMPATH\CodeIgniter.php(933): App\Controllers\PenggembalianController->tambahPengembalian()
10 SYSTEMPATH\CodeIgniter.php(509): CodeIgniter\CodeIgniter->runController(Object(App\Controllers\PenggembalianController))
11 SYSTEMPATH\CodeIgniter.php(355): CodeIgniter\CodeIgniter->handleRequest(null, Object(Config\Cache), false)
12 SYSTEMPATH\Boot.php(325): CodeIgniter\CodeIgniter->run()
13 SYSTEMPATH\Boot.php(67): CodeIgniter\Boot::runCodeIgniter(Object(CodeIgniter\CodeIgniter))
14 FCPATH\index.php(56): CodeIgniter\Boot::bootWeb(Object(Config\Paths))
15 SYSTEMPATH\rewrite.php(44): require_once('C:\\xampp\\htdocs\\Tugas Akhirkur\\public\\index.php')
CRITICAL - 2025-01-06 07:30:41 --> [Caused by] mysqli_sql_exception: Unknown column 'status' in 'field list'
in SYSTEMPATH\Database\MySQLi\Connection.php on line 312.
 1 SYSTEMPATH\Database\MySQLi\Connection.php(312): mysqli->query('INSERT INTO `pengembalian` (`id_anggota`, `id_buku`, `id_pengunjung`, `id_peminjam`, `jumlah_kembali`) VALUES (\'15003\', \'BP002\', \'1\', \'2\', \'1\')', 0)
 2 SYSTEMPATH\Database\BaseConnection.php(734): CodeIgniter\Database\MySQLi\Connection->execute('INSERT INTO `pengembalian` (`id_anggota`, `id_buku`, `id_pengunjung`, `id_peminjam`, `jumlah_kembali`) VALUES (\'15003\', \'BP002\', \'1\', \'2\', \'1\')')
 3 SYSTEMPATH\Database\BaseConnection.php(648): CodeIgniter\Database\BaseConnection->simpleQuery('INSERT INTO `pengembalian` (`id_anggota`, `id_buku`, `id_pengunjung`, `id_peminjam`, `jumlah_kembali`) VALUES (\'15003\', \'BP002\', \'1\', \'2\', \'1\')')
 4 SYSTEMPATH\Database\BaseBuilder.php(2340): CodeIgniter\Database\BaseConnection->query('INSERT INTO `pengembalian` (`id_anggota`, `id_buku`, `id_pengunjung`, `id_peminjam`, `jumlah_kembali`) VALUES (:id_anggota:, :id_buku:, :id_pengunjung:, :id_peminjam:, :jumlah_kembali:)', [...], false)
 5 SYSTEMPATH\Model.php(394): CodeIgniter\Database\BaseBuilder->insert()
 6 SYSTEMPATH\BaseModel.php(840): CodeIgniter\Model->doInsert([...])
 7 SYSTEMPATH\Model.php(802): CodeIgniter\BaseModel->insert([...], false)
 8 SYSTEMPATH\BaseModel.php(751): CodeIgniter\Model->insert([...], false)
 9 APPPATH\Controllers\PenggembalianController.php(128): CodeIgniter\BaseModel->save([...])
10 SYSTEMPATH\CodeIgniter.php(933): App\Controllers\PenggembalianController->tambahPengembalian()
11 SYSTEMPATH\CodeIgniter.php(509): CodeIgniter\CodeIgniter->runController(Object(App\Controllers\PenggembalianController))
12 SYSTEMPATH\CodeIgniter.php(355): CodeIgniter\CodeIgniter->handleRequest(null, Object(Config\Cache), false)
13 SYSTEMPATH\Boot.php(325): CodeIgniter\CodeIgniter->run()
14 SYSTEMPATH\Boot.php(67): CodeIgniter\Boot::runCodeIgniter(Object(CodeIgniter\CodeIgniter))
15 FCPATH\index.php(56): CodeIgniter\Boot::bootWeb(Object(Config\Paths))
16 SYSTEMPATH\rewrite.php(44): require_once('C:\\xampp\\htdocs\\Tugas Akhirkur\\public\\index.php')
INFO - 2025-01-06 07:30:46 --> Session: Class initialized using 'CodeIgniter\Session\Handlers\FileHandler' driver.
INFO - 2025-01-06 07:30:47 --> Session: Class initialized using 'CodeIgniter\Session\Handlers\FileHandler' driver.
INFO - 2025-01-06 07:30:48 --> Session: Class initialized using 'CodeIgniter\Session\Handlers\FileHandler' driver.
INFO - 2025-01-06 07:30:48 --> Session: Class initialized using 'CodeIgniter\Session\Handlers\FileHandler' driver.
INFO - 2025-01-06 07:30:48 --> Session: Class initialized using 'CodeIgniter\Session\Handlers\FileHandler' driver.
INFO - 2025-01-06 07:30:48 --> Session: Class initialized using 'CodeIgniter\Session\Handlers\FileHandler' driver.
INFO - 2025-01-06 07:30:48 --> Session: Class initialized using 'CodeIgniter\Session\Handlers\FileHandler' driver.
INFO - 2025-01-06 07:30:49 --> Session: Class initialized using 'CodeIgniter\Session\Handlers\FileHandler' driver.
INFO - 2025-01-06 07:30:49 --> Session: Class initialized using 'CodeIgniter\Session\Handlers\FileHandler' driver.
INFO - 2025-01-06 07:30:49 --> Session: Class initialized using 'CodeIgniter\Session\Handlers\FileHandler' driver.
INFO - 2025-01-06 07:30:49 --> Session: Class initialized using 'CodeIgniter\Session\Handlers\FileHandler' driver.
INFO - 2025-01-06 07:30:49 --> Session: Class initialized using 'CodeIgniter\Session\Handlers\FileHandler' driver.
INFO - 2025-01-06 07:30:50 --> Session: Class initialized using 'CodeIgniter\Session\Handlers\FileHandler' driver.
INFO - 2025-01-06 07:30:50 --> Session: Class initialized using 'CodeIgniter\Session\Handlers\FileHandler' driver.
INFO - 2025-01-06 07:31:39 --> Session: Class initialized using 'CodeIgniter\Session\Handlers\FileHandler' driver.
ERROR - 2025-01-06 07:31:39 --> mysqli_sql_exception: Unknown column 'status' in 'field list' in C:\xampp\htdocs\Tugas Akhirkur\system\Database\MySQLi\Connection.php:312
Stack trace:
#0 C:\xampp\htdocs\Tugas Akhirkur\system\Database\MySQLi\Connection.php(312): mysqli->query('INSERT INTO `pe...', 0)
#1 C:\xampp\htdocs\Tugas Akhirkur\system\Database\BaseConnection.php(734): CodeIgniter\Database\MySQLi\Connection->execute('INSERT INTO `pe...')
#2 C:\xampp\htdocs\Tugas Akhirkur\system\Database\BaseConnection.php(648): CodeIgniter\Database\BaseConnection->simpleQuery('INSERT INTO `pe...')
#3 C:\xampp\htdocs\Tugas Akhirkur\system\Database\BaseBuilder.php(2340): CodeIgniter\Database\BaseConnection->query('INSERT INTO `pe...', Array, false)
#4 C:\xampp\htdocs\Tugas Akhirkur\system\Model.php(394): CodeIgniter\Database\BaseBuilder->insert()
#5 C:\xampp\htdocs\Tugas Akhirkur\system\BaseModel.php(840): CodeIgniter\Model->doInsert(Array)
#6 C:\xampp\htdocs\Tugas Akhirkur\system\Model.php(802): CodeIgniter\BaseModel->insert(Array, false)
#7 C:\xampp\htdocs\Tugas Akhirkur\system\BaseModel.php(751): CodeIgniter\Model->insert(Array, false)
#8 C:\xampp\htdocs\Tugas Akhirkur\app\Controllers\PenggembalianController.php(128): CodeIgniter\BaseModel->save(Array)
#9 C:\xampp\htdocs\Tugas Akhirkur\system\CodeIgniter.php(933): App\Controllers\PenggembalianController->tambahPengembalian()
#10 C:\xampp\htdocs\Tugas Akhirkur\system\CodeIgniter.php(509): CodeIgniter\CodeIgniter->runController(Object(App\Controllers\PenggembalianController))
#11 C:\xampp\htdocs\Tugas Akhirkur\system\CodeIgniter.php(355): CodeIgniter\CodeIgniter->handleRequest(NULL, Object(Config\Cache), false)
#12 C:\xampp\htdocs\Tugas Akhirkur\system\Boot.php(325): CodeIgniter\CodeIgniter->run()
#13 C:\xampp\htdocs\Tugas Akhirkur\system\Boot.php(67): CodeIgniter\Boot::runCodeIgniter(Object(CodeIgniter\CodeIgniter))
#14 C:\xampp\htdocs\Tugas Akhirkur\public\index.php(56): CodeIgniter\Boot::bootWeb(Object(Config\Paths))
#15 C:\xampp\htdocs\Tugas Akhirkur\system\rewrite.php(44): require_once('C:\\xampp\\htdocs...')
#16 {main}
CRITICAL - 2025-01-06 07:31:39 --> CodeIgniter\Database\Exceptions\DatabaseException: Unknown column 'status' in 'field list'
[Method: POST, Route: pengembalian/tambahPengembalian]
in SYSTEMPATH\Database\BaseConnection.php on line 688.
 1 SYSTEMPATH\Database\BaseBuilder.php(2340): CodeIgniter\Database\BaseConnection->query('INSERT INTO `pengembalian` (`id_anggota`, `id_buku`, `id_pengunjung`, `id_peminjam`, `jumlah_kembali`) VALUES (:id_anggota:, :id_buku:, :id_pengunjung:, :id_peminjam:, :jumlah_kembali:)', [...], false)
 2 SYSTEMPATH\Model.php(394): CodeIgniter\Database\BaseBuilder->insert()
 3 SYSTEMPATH\BaseModel.php(840): CodeIgniter\Model->doInsert([...])
 4 SYSTEMPATH\Model.php(802): CodeIgniter\BaseModel->insert([...], false)
 5 SYSTEMPATH\BaseModel.php(751): CodeIgniter\Model->insert([...], false)
 6 APPPATH\Controllers\PenggembalianController.php(128): CodeIgniter\BaseModel->save([...])
 7 SYSTEMPATH\CodeIgniter.php(933): App\Controllers\PenggembalianController->tambahPengembalian()
 8 SYSTEMPATH\CodeIgniter.php(509): CodeIgniter\CodeIgniter->runController(Object(App\Controllers\PenggembalianController))
 9 SYSTEMPATH\CodeIgniter.php(355): CodeIgniter\CodeIgniter->handleRequest(null, Object(Config\Cache), false)
10 SYSTEMPATH\Boot.php(325): CodeIgniter\CodeIgniter->run()
11 SYSTEMPATH\Boot.php(67): CodeIgniter\Boot::runCodeIgniter(Object(CodeIgniter\CodeIgniter))
12 FCPATH\index.php(56): CodeIgniter\Boot::bootWeb(Object(Config\Paths))
13 SYSTEMPATH\rewrite.php(44): require_once('C:\\xampp\\htdocs\\Tugas Akhirkur\\public\\index.php')
CRITICAL - 2025-01-06 07:31:39 --> [Caused by] CodeIgniter\Database\Exceptions\DatabaseException: Unknown column 'status' in 'field list'
in SYSTEMPATH\Database\MySQLi\Connection.php on line 317.
 1 SYSTEMPATH\Database\BaseConnection.php(734): CodeIgniter\Database\MySQLi\Connection->execute('INSERT INTO `pengembalian` (`id_anggota`, `id_buku`, `id_pengunjung`, `id_peminjam`, `jumlah_kembali`) VALUES (\'15003\', \'BP002\', \'1\', \'2\', \'1\')')
 2 SYSTEMPATH\Database\BaseConnection.php(648): CodeIgniter\Database\BaseConnection->simpleQuery('INSERT INTO `pengembalian` (`id_anggota`, `id_buku`, `id_pengunjung`, `id_peminjam`, `jumlah_kembali`) VALUES (\'15003\', \'BP002\', \'1\', \'2\', \'1\')')
 3 SYSTEMPATH\Database\BaseBuilder.php(2340): CodeIgniter\Database\BaseConnection->query('INSERT INTO `pengembalian` (`id_anggota`, `id_buku`, `id_pengunjung`, `id_peminjam`, `jumlah_kembali`) VALUES (:id_anggota:, :id_buku:, :id_pengunjung:, :id_peminjam:, :jumlah_kembali:)', [...], false)
 4 SYSTEMPATH\Model.php(394): CodeIgniter\Database\BaseBuilder->insert()
 5 SYSTEMPATH\BaseModel.php(840): CodeIgniter\Model->doInsert([...])
 6 SYSTEMPATH\Model.php(802): CodeIgniter\BaseModel->insert([...], false)
 7 SYSTEMPATH\BaseModel.php(751): CodeIgniter\Model->insert([...], false)
 8 APPPATH\Controllers\PenggembalianController.php(128): CodeIgniter\BaseModel->save([...])
 9 SYSTEMPATH\CodeIgniter.php(933): App\Controllers\PenggembalianController->tambahPengembalian()
10 SYSTEMPATH\CodeIgniter.php(509): CodeIgniter\CodeIgniter->runController(Object(App\Controllers\PenggembalianController))
11 SYSTEMPATH\CodeIgniter.php(355): CodeIgniter\CodeIgniter->handleRequest(null, Object(Config\Cache), false)
12 SYSTEMPATH\Boot.php(325): CodeIgniter\CodeIgniter->run()
13 SYSTEMPATH\Boot.php(67): CodeIgniter\Boot::runCodeIgniter(Object(CodeIgniter\CodeIgniter))
14 FCPATH\index.php(56): CodeIgniter\Boot::bootWeb(Object(Config\Paths))
15 SYSTEMPATH\rewrite.php(44): require_once('C:\\xampp\\htdocs\\Tugas Akhirkur\\public\\index.php')
CRITICAL - 2025-01-06 07:31:39 --> [Caused by] mysqli_sql_exception: Unknown column 'status' in 'field list'
in SYSTEMPATH\Database\MySQLi\Connection.php on line 312.
 1 SYSTEMPATH\Database\MySQLi\Connection.php(312): mysqli->query('INSERT INTO `pengembalian` (`id_anggota`, `id_buku`, `id_pengunjung`, `id_peminjam`, `jumlah_kembali`) VALUES (\'15003\', \'BP002\', \'1\', \'2\', \'1\')', 0)
 2 SYSTEMPATH\Database\BaseConnection.php(734): CodeIgniter\Database\MySQLi\Connection->execute('INSERT INTO `pengembalian` (`id_anggota`, `id_buku`, `id_pengunjung`, `id_peminjam`, `jumlah_kembali`) VALUES (\'15003\', \'BP002\', \'1\', \'2\', \'1\')')
 3 SYSTEMPATH\Database\BaseConnection.php(648): CodeIgniter\Database\BaseConnection->simpleQuery('INSERT INTO `pengembalian` (`id_anggota`, `id_buku`, `id_pengunjung`, `id_peminjam`, `jumlah_kembali`) VALUES (\'15003\', \'BP002\', \'1\', \'2\', \'1\')')
 4 SYSTEMPATH\Database\BaseBuilder.php(2340): CodeIgniter\Database\BaseConnection->query('INSERT INTO `pengembalian` (`id_anggota`, `id_buku`, `id_pengunjung`, `id_peminjam`, `jumlah_kembali`) VALUES (:id_anggota:, :id_buku:, :id_pengunjung:, :id_peminjam:, :jumlah_kembali:)', [...], false)
 5 SYSTEMPATH\Model.php(394): CodeIgniter\Database\BaseBuilder->insert()
 6 SYSTEMPATH\BaseModel.php(840): CodeIgniter\Model->doInsert([...])
 7 SYSTEMPATH\Model.php(802): CodeIgniter\BaseModel->insert([...], false)
 8 SYSTEMPATH\BaseModel.php(751): CodeIgniter\Model->insert([...], false)
 9 APPPATH\Controllers\PenggembalianController.php(128): CodeIgniter\BaseModel->save([...])
10 SYSTEMPATH\CodeIgniter.php(933): App\Controllers\PenggembalianController->tambahPengembalian()
11 SYSTEMPATH\CodeIgniter.php(509): CodeIgniter\CodeIgniter->runController(Object(App\Controllers\PenggembalianController))
12 SYSTEMPATH\CodeIgniter.php(355): CodeIgniter\CodeIgniter->handleRequest(null, Object(Config\Cache), false)
13 SYSTEMPATH\Boot.php(325): CodeIgniter\CodeIgniter->run()
14 SYSTEMPATH\Boot.php(67): CodeIgniter\Boot::runCodeIgniter(Object(CodeIgniter\CodeIgniter))
15 FCPATH\index.php(56): CodeIgniter\Boot::bootWeb(Object(Config\Paths))
16 SYSTEMPATH\rewrite.php(44): require_once('C:\\xampp\\htdocs\\Tugas Akhirkur\\public\\index.php')
INFO - 2025-01-06 07:32:46 --> Session: Class initialized using 'CodeIgniter\Session\Handlers\FileHandler' driver.
ERROR - 2025-01-06 07:32:46 --> mysqli_sql_exception: Can't update table 'peminjaman' in stored function/trigger because it is already used by statement which invoked this stored function/trigger in C:\xampp\htdocs\Tugas Akhirkur\system\Database\MySQLi\Connection.php:312
Stack trace:
#0 C:\xampp\htdocs\Tugas Akhirkur\system\Database\MySQLi\Connection.php(312): mysqli->query('INSERT INTO `pe...', 0)
#1 C:\xampp\htdocs\Tugas Akhirkur\system\Database\BaseConnection.php(734): CodeIgniter\Database\MySQLi\Connection->execute('INSERT INTO `pe...')
#2 C:\xampp\htdocs\Tugas Akhirkur\system\Database\BaseConnection.php(648): CodeIgniter\Database\BaseConnection->simpleQuery('INSERT INTO `pe...')
#3 C:\xampp\htdocs\Tugas Akhirkur\system\Database\BaseBuilder.php(2340): CodeIgniter\Database\BaseConnection->query('INSERT INTO `pe...', Array, false)
#4 C:\xampp\htdocs\Tugas Akhirkur\system\Model.php(394): CodeIgniter\Database\BaseBuilder->insert()
#5 C:\xampp\htdocs\Tugas Akhirkur\system\BaseModel.php(840): CodeIgniter\Model->doInsert(Array)
#6 C:\xampp\htdocs\Tugas Akhirkur\system\Model.php(802): CodeIgniter\BaseModel->insert(Array, false)
#7 C:\xampp\htdocs\Tugas Akhirkur\system\BaseModel.php(751): CodeIgniter\Model->insert(Array, false)
#8 C:\xampp\htdocs\Tugas Akhirkur\app\Controllers\PenggembalianController.php(128): CodeIgniter\BaseModel->save(Array)
#9 C:\xampp\htdocs\Tugas Akhirkur\system\CodeIgniter.php(933): App\Controllers\PenggembalianController->tambahPengembalian()
#10 C:\xampp\htdocs\Tugas Akhirkur\system\CodeIgniter.php(509): CodeIgniter\CodeIgniter->runController(Object(App\Controllers\PenggembalianController))
#11 C:\xampp\htdocs\Tugas Akhirkur\system\CodeIgniter.php(355): CodeIgniter\CodeIgniter->handleRequest(NULL, Object(Config\Cache), false)
#12 C:\xampp\htdocs\Tugas Akhirkur\system\Boot.php(325): CodeIgniter\CodeIgniter->run()
#13 C:\xampp\htdocs\Tugas Akhirkur\system\Boot.php(67): CodeIgniter\Boot::runCodeIgniter(Object(CodeIgniter\CodeIgniter))
#14 C:\xampp\htdocs\Tugas Akhirkur\public\index.php(56): CodeIgniter\Boot::bootWeb(Object(Config\Paths))
#15 C:\xampp\htdocs\Tugas Akhirkur\system\rewrite.php(44): require_once('C:\\xampp\\htdocs...')
#16 {main}
CRITICAL - 2025-01-06 07:32:46 --> CodeIgniter\Database\Exceptions\DatabaseException: Can't update table 'peminjaman' in stored function/trigger because it is already used by statement which invoked this stored function/trigger
[Method: POST, Route: pengembalian/tambahPengembalian]
in SYSTEMPATH\Database\BaseConnection.php on line 688.
 1 SYSTEMPATH\Database\BaseBuilder.php(2340): CodeIgniter\Database\BaseConnection->query('INSERT INTO `pengembalian` (`id_anggota`, `id_buku`, `id_pengunjung`, `id_peminjam`, `jumlah_kembali`) VALUES (:id_anggota:, :id_buku:, :id_pengunjung:, :id_peminjam:, :jumlah_kembali:)', [...], false)
 2 SYSTEMPATH\Model.php(394): CodeIgniter\Database\BaseBuilder->insert()
 3 SYSTEMPATH\BaseModel.php(840): CodeIgniter\Model->doInsert([...])
 4 SYSTEMPATH\Model.php(802): CodeIgniter\BaseModel->insert([...], false)
 5 SYSTEMPATH\BaseModel.php(751): CodeIgniter\Model->insert([...], false)
 6 APPPATH\Controllers\PenggembalianController.php(128): CodeIgniter\BaseModel->save([...])
 7 SYSTEMPATH\CodeIgniter.php(933): App\Controllers\PenggembalianController->tambahPengembalian()
 8 SYSTEMPATH\CodeIgniter.php(509): CodeIgniter\CodeIgniter->runController(Object(App\Controllers\PenggembalianController))
 9 SYSTEMPATH\CodeIgniter.php(355): CodeIgniter\CodeIgniter->handleRequest(null, Object(Config\Cache), false)
10 SYSTEMPATH\Boot.php(325): CodeIgniter\CodeIgniter->run()
11 SYSTEMPATH\Boot.php(67): CodeIgniter\Boot::runCodeIgniter(Object(CodeIgniter\CodeIgniter))
12 FCPATH\index.php(56): CodeIgniter\Boot::bootWeb(Object(Config\Paths))
13 SYSTEMPATH\rewrite.php(44): require_once('C:\\xampp\\htdocs\\Tugas Akhirkur\\public\\index.php')
CRITICAL - 2025-01-06 07:32:46 --> [Caused by] CodeIgniter\Database\Exceptions\DatabaseException: Can't update table 'peminjaman' in stored function/trigger because it is already used by statement which invoked this stored function/trigger
in SYSTEMPATH\Database\MySQLi\Connection.php on line 317.
 1 SYSTEMPATH\Database\BaseConnection.php(734): CodeIgniter\Database\MySQLi\Connection->execute('INSERT INTO `pengembalian` (`id_anggota`, `id_buku`, `id_pengunjung`, `id_peminjam`, `jumlah_kembali`) VALUES (\'15003\', \'BP002\', \'1\', \'2\', \'1\')')
 2 SYSTEMPATH\Database\BaseConnection.php(648): CodeIgniter\Database\BaseConnection->simpleQuery('INSERT INTO `pengembalian` (`id_anggota`, `id_buku`, `id_pengunjung`, `id_peminjam`, `jumlah_kembali`) VALUES (\'15003\', \'BP002\', \'1\', \'2\', \'1\')')
 3 SYSTEMPATH\Database\BaseBuilder.php(2340): CodeIgniter\Database\BaseConnection->query('INSERT INTO `pengembalian` (`id_anggota`, `id_buku`, `id_pengunjung`, `id_peminjam`, `jumlah_kembali`) VALUES (:id_anggota:, :id_buku:, :id_pengunjung:, :id_peminjam:, :jumlah_kembali:)', [...], false)
 4 SYSTEMPATH\Model.php(394): CodeIgniter\Database\BaseBuilder->insert()
 5 SYSTEMPATH\BaseModel.php(840): CodeIgniter\Model->doInsert([...])
 6 SYSTEMPATH\Model.php(802): CodeIgniter\BaseModel->insert([...], false)
 7 SYSTEMPATH\BaseModel.php(751): CodeIgniter\Model->insert([...], false)
 8 APPPATH\Controllers\PenggembalianController.php(128): CodeIgniter\BaseModel->save([...])
 9 SYSTEMPATH\CodeIgniter.php(933): App\Controllers\PenggembalianController->tambahPengembalian()
10 SYSTEMPATH\CodeIgniter.php(509): CodeIgniter\CodeIgniter->runController(Object(App\Controllers\PenggembalianController))
11 SYSTEMPATH\CodeIgniter.php(355): CodeIgniter\CodeIgniter->handleRequest(null, Object(Config\Cache), false)
12 SYSTEMPATH\Boot.php(325): CodeIgniter\CodeIgniter->run()
13 SYSTEMPATH\Boot.php(67): CodeIgniter\Boot::runCodeIgniter(Object(CodeIgniter\CodeIgniter))
14 FCPATH\index.php(56): CodeIgniter\Boot::bootWeb(Object(Config\Paths))
15 SYSTEMPATH\rewrite.php(44): require_once('C:\\xampp\\htdocs\\Tugas Akhirkur\\public\\index.php')
CRITICAL - 2025-01-06 07:32:46 --> [Caused by] mysqli_sql_exception: Can't update table 'peminjaman' in stored function/trigger because it is already used by statement which invoked this stored function/trigger
in SYSTEMPATH\Database\MySQLi\Connection.php on line 312.
 1 SYSTEMPATH\Database\MySQLi\Connection.php(312): mysqli->query('INSERT INTO `pengembalian` (`id_anggota`, `id_buku`, `id_pengunjung`, `id_peminjam`, `jumlah_kembali`) VALUES (\'15003\', \'BP002\', \'1\', \'2\', \'1\')', 0)
 2 SYSTEMPATH\Database\BaseConnection.php(734): CodeIgniter\Database\MySQLi\Connection->execute('INSERT INTO `pengembalian` (`id_anggota`, `id_buku`, `id_pengunjung`, `id_peminjam`, `jumlah_kembali`) VALUES (\'15003\', \'BP002\', \'1\', \'2\', \'1\')')
 3 SYSTEMPATH\Database\BaseConnection.php(648): CodeIgniter\Database\BaseConnection->simpleQuery('INSERT INTO `pengembalian` (`id_anggota`, `id_buku`, `id_pengunjung`, `id_peminjam`, `jumlah_kembali`) VALUES (\'15003\', \'BP002\', \'1\', \'2\', \'1\')')
 4 SYSTEMPATH\Database\BaseBuilder.php(2340): CodeIgniter\Database\BaseConnection->query('INSERT INTO `pengembalian` (`id_anggota`, `id_buku`, `id_pengunjung`, `id_peminjam`, `jumlah_kembali`) VALUES (:id_anggota:, :id_buku:, :id_pengunjung:, :id_peminjam:, :jumlah_kembali:)', [...], false)
 5 SYSTEMPATH\Model.php(394): CodeIgniter\Database\BaseBuilder->insert()
 6 SYSTEMPATH\BaseModel.php(840): CodeIgniter\Model->doInsert([...])
 7 SYSTEMPATH\Model.php(802): CodeIgniter\BaseModel->insert([...], false)
 8 SYSTEMPATH\BaseModel.php(751): CodeIgniter\Model->insert([...], false)
 9 APPPATH\Controllers\PenggembalianController.php(128): CodeIgniter\BaseModel->save([...])
10 SYSTEMPATH\CodeIgniter.php(933): App\Controllers\PenggembalianController->tambahPengembalian()
11 SYSTEMPATH\CodeIgniter.php(509): CodeIgniter\CodeIgniter->runController(Object(App\Controllers\PenggembalianController))
12 SYSTEMPATH\CodeIgniter.php(355): CodeIgniter\CodeIgniter->handleRequest(null, Object(Config\Cache), false)
13 SYSTEMPATH\Boot.php(325): CodeIgniter\CodeIgniter->run()
14 SYSTEMPATH\Boot.php(67): CodeIgniter\Boot::runCodeIgniter(Object(CodeIgniter\CodeIgniter))
15 FCPATH\index.php(56): CodeIgniter\Boot::bootWeb(Object(Config\Paths))
16 SYSTEMPATH\rewrite.php(44): require_once('C:\\xampp\\htdocs\\Tugas Akhirkur\\public\\index.php')
INFO - 2025-01-06 07:46:42 --> Session: Class initialized using 'CodeIgniter\Session\Handlers\FileHandler' driver.
INFO - 2025-01-06 07:47:10 --> Session: Class initialized using 'CodeIgniter\Session\Handlers\FileHandler' driver.
INFO - 2025-01-06 07:47:36 --> Session: Class initialized using 'CodeIgniter\Session\Handlers\FileHandler' driver.
ERROR - 2025-01-06 07:47:36 --> mysqli_sql_exception: Table 'perpustakaan_0020.log_status_peminjaman' doesn't exist in C:\xampp\htdocs\Tugas Akhirkur\system\Database\MySQLi\Connection.php:312
Stack trace:
#0 C:\xampp\htdocs\Tugas Akhirkur\system\Database\MySQLi\Connection.php(312): mysqli->query('INSERT INTO `pe...', 0)
#1 C:\xampp\htdocs\Tugas Akhirkur\system\Database\BaseConnection.php(734): CodeIgniter\Database\MySQLi\Connection->execute('INSERT INTO `pe...')
#2 C:\xampp\htdocs\Tugas Akhirkur\system\Database\BaseConnection.php(648): CodeIgniter\Database\BaseConnection->simpleQuery('INSERT INTO `pe...')
#3 C:\xampp\htdocs\Tugas Akhirkur\system\Database\BaseBuilder.php(2340): CodeIgniter\Database\BaseConnection->query('INSERT INTO `pe...', Array, false)
#4 C:\xampp\htdocs\Tugas Akhirkur\system\Model.php(394): CodeIgniter\Database\BaseBuilder->insert()
#5 C:\xampp\htdocs\Tugas Akhirkur\system\BaseModel.php(840): CodeIgniter\Model->doInsert(Array)
#6 C:\xampp\htdocs\Tugas Akhirkur\system\Model.php(802): CodeIgniter\BaseModel->insert(Array, false)
#7 C:\xampp\htdocs\Tugas Akhirkur\system\BaseModel.php(751): CodeIgniter\Model->insert(Array, false)
#8 C:\xampp\htdocs\Tugas Akhirkur\app\Controllers\PenggembalianController.php(128): CodeIgniter\BaseModel->save(Array)
#9 C:\xampp\htdocs\Tugas Akhirkur\system\CodeIgniter.php(933): App\Controllers\PenggembalianController->tambahPengembalian()
#10 C:\xampp\htdocs\Tugas Akhirkur\system\CodeIgniter.php(509): CodeIgniter\CodeIgniter->runController(Object(App\Controllers\PenggembalianController))
#11 C:\xampp\htdocs\Tugas Akhirkur\system\CodeIgniter.php(355): CodeIgniter\CodeIgniter->handleRequest(NULL, Object(Config\Cache), false)
#12 C:\xampp\htdocs\Tugas Akhirkur\system\Boot.php(325): CodeIgniter\CodeIgniter->run()
#13 C:\xampp\htdocs\Tugas Akhirkur\system\Boot.php(67): CodeIgniter\Boot::runCodeIgniter(Object(CodeIgniter\CodeIgniter))
#14 C:\xampp\htdocs\Tugas Akhirkur\public\index.php(56): CodeIgniter\Boot::bootWeb(Object(Config\Paths))
#15 C:\xampp\htdocs\Tugas Akhirkur\system\rewrite.php(44): require_once('C:\\xampp\\htdocs...')
#16 {main}
CRITICAL - 2025-01-06 07:47:36 --> CodeIgniter\Database\Exceptions\DatabaseException: Table 'perpustakaan_0020.log_status_peminjaman' doesn't exist
[Method: POST, Route: pengembalian/tambahPengembalian]
in SYSTEMPATH\Database\BaseConnection.php on line 688.
 1 SYSTEMPATH\Database\BaseBuilder.php(2340): CodeIgniter\Database\BaseConnection->query('INSERT INTO `pengembalian` (`id_anggota`, `id_buku`, `id_pengunjung`, `id_peminjam`, `jumlah_kembali`) VALUES (:id_anggota:, :id_buku:, :id_pengunjung:, :id_peminjam:, :jumlah_kembali:)', [...], false)
 2 SYSTEMPATH\Model.php(394): CodeIgniter\Database\BaseBuilder->insert()
 3 SYSTEMPATH\BaseModel.php(840): CodeIgniter\Model->doInsert([...])
 4 SYSTEMPATH\Model.php(802): CodeIgniter\BaseModel->insert([...], false)
 5 SYSTEMPATH\BaseModel.php(751): CodeIgniter\Model->insert([...], false)
 6 APPPATH\Controllers\PenggembalianController.php(128): CodeIgniter\BaseModel->save([...])
 7 SYSTEMPATH\CodeIgniter.php(933): App\Controllers\PenggembalianController->tambahPengembalian()
 8 SYSTEMPATH\CodeIgniter.php(509): CodeIgniter\CodeIgniter->runController(Object(App\Controllers\PenggembalianController))
 9 SYSTEMPATH\CodeIgniter.php(355): CodeIgniter\CodeIgniter->handleRequest(null, Object(Config\Cache), false)
10 SYSTEMPATH\Boot.php(325): CodeIgniter\CodeIgniter->run()
11 SYSTEMPATH\Boot.php(67): CodeIgniter\Boot::runCodeIgniter(Object(CodeIgniter\CodeIgniter))
12 FCPATH\index.php(56): CodeIgniter\Boot::bootWeb(Object(Config\Paths))
13 SYSTEMPATH\rewrite.php(44): require_once('C:\\xampp\\htdocs\\Tugas Akhirkur\\public\\index.php')
CRITICAL - 2025-01-06 07:47:36 --> [Caused by] CodeIgniter\Database\Exceptions\DatabaseException: Table 'perpustakaan_0020.log_status_peminjaman' doesn't exist
in SYSTEMPATH\Database\MySQLi\Connection.php on line 317.
 1 SYSTEMPATH\Database\BaseConnection.php(734): CodeIgniter\Database\MySQLi\Connection->execute('INSERT INTO `pengembalian` (`id_anggota`, `id_buku`, `id_pengunjung`, `id_peminjam`, `jumlah_kembali`) VALUES (\'15003\', \'BP002\', \'1\', \'2\', \'1\')')
 2 SYSTEMPATH\Database\BaseConnection.php(648): CodeIgniter\Database\BaseConnection->simpleQuery('INSERT INTO `pengembalian` (`id_anggota`, `id_buku`, `id_pengunjung`, `id_peminjam`, `jumlah_kembali`) VALUES (\'15003\', \'BP002\', \'1\', \'2\', \'1\')')
 3 SYSTEMPATH\Database\BaseBuilder.php(2340): CodeIgniter\Database\BaseConnection->query('INSERT INTO `pengembalian` (`id_anggota`, `id_buku`, `id_pengunjung`, `id_peminjam`, `jumlah_kembali`) VALUES (:id_anggota:, :id_buku:, :id_pengunjung:, :id_peminjam:, :jumlah_kembali:)', [...], false)
 4 SYSTEMPATH\Model.php(394): CodeIgniter\Database\BaseBuilder->insert()
 5 SYSTEMPATH\BaseModel.php(840): CodeIgniter\Model->doInsert([...])
 6 SYSTEMPATH\Model.php(802): CodeIgniter\BaseModel->insert([...], false)
 7 SYSTEMPATH\BaseModel.php(751): CodeIgniter\Model->insert([...], false)
 8 APPPATH\Controllers\PenggembalianController.php(128): CodeIgniter\BaseModel->save([...])
 9 SYSTEMPATH\CodeIgniter.php(933): App\Controllers\PenggembalianController->tambahPengembalian()
10 SYSTEMPATH\CodeIgniter.php(509): CodeIgniter\CodeIgniter->runController(Object(App\Controllers\PenggembalianController))
11 SYSTEMPATH\CodeIgniter.php(355): CodeIgniter\CodeIgniter->handleRequest(null, Object(Config\Cache), false)
12 SYSTEMPATH\Boot.php(325): CodeIgniter\CodeIgniter->run()
13 SYSTEMPATH\Boot.php(67): CodeIgniter\Boot::runCodeIgniter(Object(CodeIgniter\CodeIgniter))
14 FCPATH\index.php(56): CodeIgniter\Boot::bootWeb(Object(Config\Paths))
15 SYSTEMPATH\rewrite.php(44): require_once('C:\\xampp\\htdocs\\Tugas Akhirkur\\public\\index.php')
CRITICAL - 2025-01-06 07:47:36 --> [Caused by] mysqli_sql_exception: Table 'perpustakaan_0020.log_status_peminjaman' doesn't exist
in SYSTEMPATH\Database\MySQLi\Connection.php on line 312.
 1 SYSTEMPATH\Database\MySQLi\Connection.php(312): mysqli->query('INSERT INTO `pengembalian` (`id_anggota`, `id_buku`, `id_pengunjung`, `id_peminjam`, `jumlah_kembali`) VALUES (\'15003\', \'BP002\', \'1\', \'2\', \'1\')', 0)
 2 SYSTEMPATH\Database\BaseConnection.php(734): CodeIgniter\Database\MySQLi\Connection->execute('INSERT INTO `pengembalian` (`id_anggota`, `id_buku`, `id_pengunjung`, `id_peminjam`, `jumlah_kembali`) VALUES (\'15003\', \'BP002\', \'1\', \'2\', \'1\')')
 3 SYSTEMPATH\Database\BaseConnection.php(648): CodeIgniter\Database\BaseConnection->simpleQuery('INSERT INTO `pengembalian` (`id_anggota`, `id_buku`, `id_pengunjung`, `id_peminjam`, `jumlah_kembali`) VALUES (\'15003\', \'BP002\', \'1\', \'2\', \'1\')')
 4 SYSTEMPATH\Database\BaseBuilder.php(2340): CodeIgniter\Database\BaseConnection->query('INSERT INTO `pengembalian` (`id_anggota`, `id_buku`, `id_pengunjung`, `id_peminjam`, `jumlah_kembali`) VALUES (:id_anggota:, :id_buku:, :id_pengunjung:, :id_peminjam:, :jumlah_kembali:)', [...], false)
 5 SYSTEMPATH\Model.php(394): CodeIgniter\Database\BaseBuilder->insert()
 6 SYSTEMPATH\BaseModel.php(840): CodeIgniter\Model->doInsert([...])
 7 SYSTEMPATH\Model.php(802): CodeIgniter\BaseModel->insert([...], false)
 8 SYSTEMPATH\BaseModel.php(751): CodeIgniter\Model->insert([...], false)
 9 APPPATH\Controllers\PenggembalianController.php(128): CodeIgniter\BaseModel->save([...])
10 SYSTEMPATH\CodeIgniter.php(933): App\Controllers\PenggembalianController->tambahPengembalian()
11 SYSTEMPATH\CodeIgniter.php(509): CodeIgniter\CodeIgniter->runController(Object(App\Controllers\PenggembalianController))
12 SYSTEMPATH\CodeIgniter.php(355): CodeIgniter\CodeIgniter->handleRequest(null, Object(Config\Cache), false)
13 SYSTEMPATH\Boot.php(325): CodeIgniter\CodeIgniter->run()
14 SYSTEMPATH\Boot.php(67): CodeIgniter\Boot::runCodeIgniter(Object(CodeIgniter\CodeIgniter))
15 FCPATH\index.php(56): CodeIgniter\Boot::bootWeb(Object(Config\Paths))
16 SYSTEMPATH\rewrite.php(44): require_once('C:\\xampp\\htdocs\\Tugas Akhirkur\\public\\index.php')
INFO - 2025-01-06 07:48:19 --> Session: Class initialized using 'CodeIgniter\Session\Handlers\FileHandler' driver.
INFO - 2025-01-06 07:48:19 --> Session: Class initialized using 'CodeIgniter\Session\Handlers\FileHandler' driver.
INFO - 2025-01-06 07:48:29 --> Session: Class initialized using 'CodeIgniter\Session\Handlers\FileHandler' driver.
INFO - 2025-01-06 07:51:17 --> Session: Class initialized using 'CodeIgniter\Session\Handlers\FileHandler' driver.
INFO - 2025-01-06 08:01:08 --> Session: Class initialized using 'CodeIgniter\Session\Handlers\FileHandler' driver.
INFO - 2025-01-06 08:01:09 --> Session: Class initialized using 'CodeIgniter\Session\Handlers\FileHandler' driver.
INFO - 2025-01-06 08:01:09 --> Session: Class initialized using 'CodeIgniter\Session\Handlers\FileHandler' driver.
INFO - 2025-01-06 08:01:10 --> Session: Class initialized using 'CodeIgniter\Session\Handlers\FileHandler' driver.
INFO - 2025-01-06 08:01:10 --> Session: Class initialized using 'CodeIgniter\Session\Handlers\FileHandler' driver.
INFO - 2025-01-06 08:01:13 --> Session: Class initialized using 'CodeIgniter\Session\Handlers\FileHandler' driver.
INFO - 2025-01-06 08:02:30 --> Session: Class initialized using 'CodeIgniter\Session\Handlers\FileHandler' driver.
INFO - 2025-01-06 08:02:36 --> Session: Class initialized using 'CodeIgniter\Session\Handlers\FileHandler' driver.
INFO - 2025-01-06 08:02:42 --> Session: Class initialized using 'CodeIgniter\Session\Handlers\FileHandler' driver.
INFO - 2025-01-06 08:03:43 --> Session: Class initialized using 'CodeIgniter\Session\Handlers\FileHandler' driver.
INFO - 2025-01-06 08:03:49 --> Session: Class initialized using 'CodeIgniter\Session\Handlers\FileHandler' driver.
INFO - 2025-01-06 08:06:30 --> Session: Class initialized using 'CodeIgniter\Session\Handlers\FileHandler' driver.
INFO - 2025-01-06 08:14:24 --> Session: Class initialized using 'CodeIgniter\Session\Handlers\FileHandler' driver.
INFO - 2025-01-06 08:19:07 --> Session: Class initialized using 'CodeIgniter\Session\Handlers\FileHandler' driver.
INFO - 2025-01-06 08:19:15 --> Session: Class initialized using 'CodeIgniter\Session\Handlers\FileHandler' driver.
INFO - 2025-01-06 08:19:19 --> Session: Class initialized using 'CodeIgniter\Session\Handlers\FileHandler' driver.
INFO - 2025-01-06 08:19:23 --> Session: Class initialized using 'CodeIgniter\Session\Handlers\FileHandler' driver.
INFO - 2025-01-06 08:24:20 --> Session: Class initialized using 'CodeIgniter\Session\Handlers\FileHandler' driver.
INFO - 2025-01-06 08:25:16 --> Session: Class initialized using 'CodeIgniter\Session\Handlers\FileHandler' driver.
INFO - 2025-01-06 08:27:17 --> Session: Class initialized using 'CodeIgniter\Session\Handlers\FileHandler' driver.
INFO - 2025-01-06 08:31:20 --> Session: Class initialized using 'CodeIgniter\Session\Handlers\FileHandler' driver.
INFO - 2025-01-06 08:31:54 --> Session: Class initialized using 'CodeIgniter\Session\Handlers\FileHandler' driver.
INFO - 2025-01-06 08:32:03 --> Session: Class initialized using 'CodeIgniter\Session\Handlers\FileHandler' driver.
INFO - 2025-01-06 08:32:41 --> Session: Class initialized using 'CodeIgniter\Session\Handlers\FileHandler' driver.
INFO - 2025-01-06 08:32:47 --> Session: Class initialized using 'CodeIgniter\Session\Handlers\FileHandler' driver.
INFO - 2025-01-06 08:44:09 --> Session: Class initialized using 'CodeIgniter\Session\Handlers\FileHandler' driver.
INFO - 2025-01-06 08:44:13 --> Session: Class initialized using 'CodeIgniter\Session\Handlers\FileHandler' driver.
INFO - 2025-01-06 08:48:36 --> Session: Class initialized using 'CodeIgniter\Session\Handlers\FileHandler' driver.
INFO - 2025-01-06 08:48:37 --> Session: Class initialized using 'CodeIgniter\Session\Handlers\FileHandler' driver.
INFO - 2025-01-06 08:50:10 --> Session: Class initialized using 'CodeIgniter\Session\Handlers\FileHandler' driver.
INFO - 2025-01-06 08:50:13 --> Session: Class initialized using 'CodeIgniter\Session\Handlers\FileHandler' driver.
INFO - 2025-01-06 09:04:15 --> Session: Class initialized using 'CodeIgniter\Session\Handlers\FileHandler' driver.
INFO - 2025-01-06 09:04:52 --> Session: Class initialized using 'CodeIgniter\Session\Handlers\FileHandler' driver.
INFO - 2025-01-06 09:04:53 --> Session: Class initialized using 'CodeIgniter\Session\Handlers\FileHandler' driver.
INFO - 2025-01-06 09:06:14 --> Session: Class initialized using 'CodeIgniter\Session\Handlers\FileHandler' driver.
INFO - 2025-01-06 09:26:23 --> Session: Class initialized using 'CodeIgniter\Session\Handlers\FileHandler' driver.
INFO - 2025-01-06 09:27:46 --> Session: Class initialized using 'CodeIgniter\Session\Handlers\FileHandler' driver.
INFO - 2025-01-06 09:27:49 --> Session: Class initialized using 'CodeIgniter\Session\Handlers\FileHandler' driver.
INFO - 2025-01-06 09:27:49 --> Session: Class initialized using 'CodeIgniter\Session\Handlers\FileHandler' driver.
INFO - 2025-01-06 09:33:25 --> Session: Class initialized using 'CodeIgniter\Session\Handlers\FileHandler' driver.
INFO - 2025-01-06 09:33:27 --> Session: Class initialized using 'CodeIgniter\Session\Handlers\FileHandler' driver.
INFO - 2025-01-06 09:33:27 --> Session: Class initialized using 'CodeIgniter\Session\Handlers\FileHandler' driver.
INFO - 2025-01-06 09:33:28 --> Session: Class initialized using 'CodeIgniter\Session\Handlers\FileHandler' driver.
INFO - 2025-01-06 09:33:29 --> Session: Class initialized using 'CodeIgniter\Session\Handlers\FileHandler' driver.
INFO - 2025-01-06 09:35:49 --> Session: Class initialized using 'CodeIgniter\Session\Handlers\FileHandler' driver.
INFO - 2025-01-06 09:35:49 --> Session: Class initialized using 'CodeIgniter\Session\Handlers\FileHandler' driver.
INFO - 2025-01-06 09:36:33 --> Session: Class initialized using 'CodeIgniter\Session\Handlers\FileHandler' driver.
INFO - 2025-01-06 09:39:01 --> Session: Class initialized using 'CodeIgniter\Session\Handlers\FileHandler' driver.
ERROR - 2025-01-06 09:39:01 --> mysqli_sql_exception: Unknown column 'peminjaman.tanggal_peminjaman' in 'where clause' in C:\xampp\htdocs\Tugas Akhirkur\system\Database\MySQLi\Connection.php:312
Stack trace:
#0 C:\xampp\htdocs\Tugas Akhirkur\system\Database\MySQLi\Connection.php(312): mysqli->query('SELECT `pengunj...', 0)
#1 C:\xampp\htdocs\Tugas Akhirkur\system\Database\BaseConnection.php(734): CodeIgniter\Database\MySQLi\Connection->execute('SELECT `pengunj...')
#2 C:\xampp\htdocs\Tugas Akhirkur\system\Database\BaseConnection.php(648): CodeIgniter\Database\BaseConnection->simpleQuery('SELECT `pengunj...')
#3 C:\xampp\htdocs\Tugas Akhirkur\system\Database\BaseBuilder.php(1644): CodeIgniter\Database\BaseConnection->query('SELECT `pengunj...', Array, false)
#4 C:\xampp\htdocs\Tugas Akhirkur\app\Models\PinjamModel.php(60): CodeIgniter\Database\BaseBuilder->get()
#5 C:\xampp\htdocs\Tugas Akhirkur\app\Controllers\PinjamController.php(42): App\Models\PinjamModel->getPengunjungListPerHari('2025-01-06')
#6 C:\xampp\htdocs\Tugas Akhirkur\system\CodeIgniter.php(933): App\Controllers\PinjamController->tampilanTambah()
#7 C:\xampp\htdocs\Tugas Akhirkur\system\CodeIgniter.php(509): CodeIgniter\CodeIgniter->runController(Object(App\Controllers\PinjamController))
#8 C:\xampp\htdocs\Tugas Akhirkur\system\CodeIgniter.php(355): CodeIgniter\CodeIgniter->handleRequest(NULL, Object(Config\Cache), false)
#9 C:\xampp\htdocs\Tugas Akhirkur\system\Boot.php(325): CodeIgniter\CodeIgniter->run()
#10 C:\xampp\htdocs\Tugas Akhirkur\system\Boot.php(67): CodeIgniter\Boot::runCodeIgniter(Object(CodeIgniter\CodeIgniter))
#11 C:\xampp\htdocs\Tugas Akhirkur\public\index.php(56): CodeIgniter\Boot::bootWeb(Object(Config\Paths))
#12 C:\xampp\htdocs\Tugas Akhirkur\system\rewrite.php(44): require_once('C:\\xampp\\htdocs...')
#13 {main}
CRITICAL - 2025-01-06 09:39:01 --> CodeIgniter\Database\Exceptions\DatabaseException: Unknown column 'peminjaman.tanggal_peminjaman' in 'where clause'
[Method: GET, Route: peminjaman/tampilanTambah]
in SYSTEMPATH\Database\BaseConnection.php on line 688.
 1 SYSTEMPATH\Database\BaseBuilder.php(1644): CodeIgniter\Database\BaseConnection->query('SELECT `pengunjung`.`id_anggota`, `pengunjung`.`id_pengunjung`
FROM `peminjaman`
JOIN `pengunjung` ON `pengunjung`.`id_pengunjung` = `peminjaman`.`id_pengunjung`
WHERE DATE(peminjaman.tanggal_peminjaman) = :DATE(peminjaman.tanggal_peminjaman):', [...], false)
 2 APPPATH\Models\PinjamModel.php(60): CodeIgniter\Database\BaseBuilder->get()
 3 APPPATH\Controllers\PinjamController.php(42): App\Models\PinjamModel->getPengunjungListPerHari('2025-01-06')
 4 SYSTEMPATH\CodeIgniter.php(933): App\Controllers\PinjamController->tampilanTambah()
 5 SYSTEMPATH\CodeIgniter.php(509): CodeIgniter\CodeIgniter->runController(Object(App\Controllers\PinjamController))
 6 SYSTEMPATH\CodeIgniter.php(355): CodeIgniter\CodeIgniter->handleRequest(null, Object(Config\Cache), false)
 7 SYSTEMPATH\Boot.php(325): CodeIgniter\CodeIgniter->run()
 8 SYSTEMPATH\Boot.php(67): CodeIgniter\Boot::runCodeIgniter(Object(CodeIgniter\CodeIgniter))
 9 FCPATH\index.php(56): CodeIgniter\Boot::bootWeb(Object(Config\Paths))
10 SYSTEMPATH\rewrite.php(44): require_once('C:\\xampp\\htdocs\\Tugas Akhirkur\\public\\index.php')
CRITICAL - 2025-01-06 09:39:01 --> [Caused by] CodeIgniter\Database\Exceptions\DatabaseException: Unknown column 'peminjaman.tanggal_peminjaman' in 'where clause'
in SYSTEMPATH\Database\MySQLi\Connection.php on line 317.
 1 SYSTEMPATH\Database\BaseConnection.php(734): CodeIgniter\Database\MySQLi\Connection->execute('SELECT `pengunjung`.`id_anggota`, `pengunjung`.`id_pengunjung`
FROM `peminjaman`
JOIN `pengunjung` ON `pengunjung`.`id_pengunjung` = `peminjaman`.`id_pengunjung`
WHERE DATE(peminjaman.tanggal_peminjaman) = \'2025-01-06\'')
 2 SYSTEMPATH\Database\BaseConnection.php(648): CodeIgniter\Database\BaseConnection->simpleQuery('SELECT `pengunjung`.`id_anggota`, `pengunjung`.`id_pengunjung`
FROM `peminjaman`
JOIN `pengunjung` ON `pengunjung`.`id_pengunjung` = `peminjaman`.`id_pengunjung`
WHERE DATE(peminjaman.tanggal_peminjaman) = \'2025-01-06\'')
 3 SYSTEMPATH\Database\BaseBuilder.php(1644): CodeIgniter\Database\BaseConnection->query('SELECT `pengunjung`.`id_anggota`, `pengunjung`.`id_pengunjung`
FROM `peminjaman`
JOIN `pengunjung` ON `pengunjung`.`id_pengunjung` = `peminjaman`.`id_pengunjung`
WHERE DATE(peminjaman.tanggal_peminjaman) = :DATE(peminjaman.tanggal_peminjaman):', [...], false)
 4 APPPATH\Models\PinjamModel.php(60): CodeIgniter\Database\BaseBuilder->get()
 5 APPPATH\Controllers\PinjamController.php(42): App\Models\PinjamModel->getPengunjungListPerHari('2025-01-06')
 6 SYSTEMPATH\CodeIgniter.php(933): App\Controllers\PinjamController->tampilanTambah()
 7 SYSTEMPATH\CodeIgniter.php(509): CodeIgniter\CodeIgniter->runController(Object(App\Controllers\PinjamController))
 8 SYSTEMPATH\CodeIgniter.php(355): CodeIgniter\CodeIgniter->handleRequest(null, Object(Config\Cache), false)
 9 SYSTEMPATH\Boot.php(325): CodeIgniter\CodeIgniter->run()
10 SYSTEMPATH\Boot.php(67): CodeIgniter\Boot::runCodeIgniter(Object(CodeIgniter\CodeIgniter))
11 FCPATH\index.php(56): CodeIgniter\Boot::bootWeb(Object(Config\Paths))
12 SYSTEMPATH\rewrite.php(44): require_once('C:\\xampp\\htdocs\\Tugas Akhirkur\\public\\index.php')
CRITICAL - 2025-01-06 09:39:01 --> [Caused by] mysqli_sql_exception: Unknown column 'peminjaman.tanggal_peminjaman' in 'where clause'
in SYSTEMPATH\Database\MySQLi\Connection.php on line 312.
 1 SYSTEMPATH\Database\MySQLi\Connection.php(312): mysqli->query('SELECT `pengunjung`.`id_anggota`, `pengunjung`.`id_pengunjung`
FROM `peminjaman`
JOIN `pengunjung` ON `pengunjung`.`id_pengunjung` = `peminjaman`.`id_pengunjung`
WHERE DATE(peminjaman.tanggal_peminjaman) = \'2025-01-06\'', 0)
 2 SYSTEMPATH\Database\BaseConnection.php(734): CodeIgniter\Database\MySQLi\Connection->execute('SELECT `pengunjung`.`id_anggota`, `pengunjung`.`id_pengunjung`
FROM `peminjaman`
JOIN `pengunjung` ON `pengunjung`.`id_pengunjung` = `peminjaman`.`id_pengunjung`
WHERE DATE(peminjaman.tanggal_peminjaman) = \'2025-01-06\'')
 3 SYSTEMPATH\Database\BaseConnection.php(648): CodeIgniter\Database\BaseConnection->simpleQuery('SELECT `pengunjung`.`id_anggota`, `pengunjung`.`id_pengunjung`
FROM `peminjaman`
JOIN `pengunjung` ON `pengunjung`.`id_pengunjung` = `peminjaman`.`id_pengunjung`
WHERE DATE(peminjaman.tanggal_peminjaman) = \'2025-01-06\'')
 4 SYSTEMPATH\Database\BaseBuilder.php(1644): CodeIgniter\Database\BaseConnection->query('SELECT `pengunjung`.`id_anggota`, `pengunjung`.`id_pengunjung`
FROM `peminjaman`
JOIN `pengunjung` ON `pengunjung`.`id_pengunjung` = `peminjaman`.`id_pengunjung`
WHERE DATE(peminjaman.tanggal_peminjaman) = :DATE(peminjaman.tanggal_peminjaman):', [...], false)
 5 APPPATH\Models\PinjamModel.php(60): CodeIgniter\Database\BaseBuilder->get()
 6 APPPATH\Controllers\PinjamController.php(42): App\Models\PinjamModel->getPengunjungListPerHari('2025-01-06')
 7 SYSTEMPATH\CodeIgniter.php(933): App\Controllers\PinjamController->tampilanTambah()
 8 SYSTEMPATH\CodeIgniter.php(509): CodeIgniter\CodeIgniter->runController(Object(App\Controllers\PinjamController))
 9 SYSTEMPATH\CodeIgniter.php(355): CodeIgniter\CodeIgniter->handleRequest(null, Object(Config\Cache), false)
10 SYSTEMPATH\Boot.php(325): CodeIgniter\CodeIgniter->run()
11 SYSTEMPATH\Boot.php(67): CodeIgniter\Boot::runCodeIgniter(Object(CodeIgniter\CodeIgniter))
12 FCPATH\index.php(56): CodeIgniter\Boot::bootWeb(Object(Config\Paths))
13 SYSTEMPATH\rewrite.php(44): require_once('C:\\xampp\\htdocs\\Tugas Akhirkur\\public\\index.php')
INFO - 2025-01-06 09:39:07 --> Session: Class initialized using 'CodeIgniter\Session\Handlers\FileHandler' driver.
ERROR - 2025-01-06 09:39:07 --> mysqli_sql_exception: Unknown column 'peminjaman.tanggal_peminjaman' in 'where clause' in C:\xampp\htdocs\Tugas Akhirkur\system\Database\MySQLi\Connection.php:312
Stack trace:
#0 C:\xampp\htdocs\Tugas Akhirkur\system\Database\MySQLi\Connection.php(312): mysqli->query('SELECT `pengunj...', 0)
#1 C:\xampp\htdocs\Tugas Akhirkur\system\Database\BaseConnection.php(734): CodeIgniter\Database\MySQLi\Connection->execute('SELECT `pengunj...')
#2 C:\xampp\htdocs\Tugas Akhirkur\system\Database\BaseConnection.php(648): CodeIgniter\Database\BaseConnection->simpleQuery('SELECT `pengunj...')
#3 C:\xampp\htdocs\Tugas Akhirkur\system\Database\BaseBuilder.php(1644): CodeIgniter\Database\BaseConnection->query('SELECT `pengunj...', Array, false)
#4 C:\xampp\htdocs\Tugas Akhirkur\app\Models\PinjamModel.php(60): CodeIgniter\Database\BaseBuilder->get()
#5 C:\xampp\htdocs\Tugas Akhirkur\app\Controllers\PinjamController.php(42): App\Models\PinjamModel->getPengunjungListPerHari('2025-01-06')
#6 C:\xampp\htdocs\Tugas Akhirkur\system\CodeIgniter.php(933): App\Controllers\PinjamController->tampilanTambah()
#7 C:\xampp\htdocs\Tugas Akhirkur\system\CodeIgniter.php(509): CodeIgniter\CodeIgniter->runController(Object(App\Controllers\PinjamController))
#8 C:\xampp\htdocs\Tugas Akhirkur\system\CodeIgniter.php(355): CodeIgniter\CodeIgniter->handleRequest(NULL, Object(Config\Cache), false)
#9 C:\xampp\htdocs\Tugas Akhirkur\system\Boot.php(325): CodeIgniter\CodeIgniter->run()
#10 C:\xampp\htdocs\Tugas Akhirkur\system\Boot.php(67): CodeIgniter\Boot::runCodeIgniter(Object(CodeIgniter\CodeIgniter))
#11 C:\xampp\htdocs\Tugas Akhirkur\public\index.php(56): CodeIgniter\Boot::bootWeb(Object(Config\Paths))
#12 C:\xampp\htdocs\Tugas Akhirkur\system\rewrite.php(44): require_once('C:\\xampp\\htdocs...')
#13 {main}
CRITICAL - 2025-01-06 09:39:07 --> CodeIgniter\Database\Exceptions\DatabaseException: Unknown column 'peminjaman.tanggal_peminjaman' in 'where clause'
[Method: GET, Route: peminjaman/tampilanTambah]
in SYSTEMPATH\Database\BaseConnection.php on line 688.
 1 SYSTEMPATH\Database\BaseBuilder.php(1644): CodeIgniter\Database\BaseConnection->query('SELECT `pengunjung`.`id_anggota`, `pengunjung`.`id_pengunjung`
FROM `peminjaman`
JOIN `pengunjung` ON `pengunjung`.`id_pengunjung` = `peminjaman`.`id_pengunjung`
WHERE DATE(peminjaman.tanggal_peminjaman) = :DATE(peminjaman.tanggal_peminjaman):', [...], false)
 2 APPPATH\Models\PinjamModel.php(60): CodeIgniter\Database\BaseBuilder->get()
 3 APPPATH\Controllers\PinjamController.php(42): App\Models\PinjamModel->getPengunjungListPerHari('2025-01-06')
 4 SYSTEMPATH\CodeIgniter.php(933): App\Controllers\PinjamController->tampilanTambah()
 5 SYSTEMPATH\CodeIgniter.php(509): CodeIgniter\CodeIgniter->runController(Object(App\Controllers\PinjamController))
 6 SYSTEMPATH\CodeIgniter.php(355): CodeIgniter\CodeIgniter->handleRequest(null, Object(Config\Cache), false)
 7 SYSTEMPATH\Boot.php(325): CodeIgniter\CodeIgniter->run()
 8 SYSTEMPATH\Boot.php(67): CodeIgniter\Boot::runCodeIgniter(Object(CodeIgniter\CodeIgniter))
 9 FCPATH\index.php(56): CodeIgniter\Boot::bootWeb(Object(Config\Paths))
10 SYSTEMPATH\rewrite.php(44): require_once('C:\\xampp\\htdocs\\Tugas Akhirkur\\public\\index.php')
CRITICAL - 2025-01-06 09:39:07 --> [Caused by] CodeIgniter\Database\Exceptions\DatabaseException: Unknown column 'peminjaman.tanggal_peminjaman' in 'where clause'
in SYSTEMPATH\Database\MySQLi\Connection.php on line 317.
 1 SYSTEMPATH\Database\BaseConnection.php(734): CodeIgniter\Database\MySQLi\Connection->execute('SELECT `pengunjung`.`id_anggota`, `pengunjung`.`id_pengunjung`
FROM `peminjaman`
JOIN `pengunjung` ON `pengunjung`.`id_pengunjung` = `peminjaman`.`id_pengunjung`
WHERE DATE(peminjaman.tanggal_peminjaman) = \'2025-01-06\'')
 2 SYSTEMPATH\Database\BaseConnection.php(648): CodeIgniter\Database\BaseConnection->simpleQuery('SELECT `pengunjung`.`id_anggota`, `pengunjung`.`id_pengunjung`
FROM `peminjaman`
JOIN `pengunjung` ON `pengunjung`.`id_pengunjung` = `peminjaman`.`id_pengunjung`
WHERE DATE(peminjaman.tanggal_peminjaman) = \'2025-01-06\'')
 3 SYSTEMPATH\Database\BaseBuilder.php(1644): CodeIgniter\Database\BaseConnection->query('SELECT `pengunjung`.`id_anggota`, `pengunjung`.`id_pengunjung`
FROM `peminjaman`
JOIN `pengunjung` ON `pengunjung`.`id_pengunjung` = `peminjaman`.`id_pengunjung`
WHERE DATE(peminjaman.tanggal_peminjaman) = :DATE(peminjaman.tanggal_peminjaman):', [...], false)
 4 APPPATH\Models\PinjamModel.php(60): CodeIgniter\Database\BaseBuilder->get()
 5 APPPATH\Controllers\PinjamController.php(42): App\Models\PinjamModel->getPengunjungListPerHari('2025-01-06')
 6 SYSTEMPATH\CodeIgniter.php(933): App\Controllers\PinjamController->tampilanTambah()
 7 SYSTEMPATH\CodeIgniter.php(509): CodeIgniter\CodeIgniter->runController(Object(App\Controllers\PinjamController))
 8 SYSTEMPATH\CodeIgniter.php(355): CodeIgniter\CodeIgniter->handleRequest(null, Object(Config\Cache), false)
 9 SYSTEMPATH\Boot.php(325): CodeIgniter\CodeIgniter->run()
10 SYSTEMPATH\Boot.php(67): CodeIgniter\Boot::runCodeIgniter(Object(CodeIgniter\CodeIgniter))
11 FCPATH\index.php(56): CodeIgniter\Boot::bootWeb(Object(Config\Paths))
12 SYSTEMPATH\rewrite.php(44): require_once('C:\\xampp\\htdocs\\Tugas Akhirkur\\public\\index.php')
CRITICAL - 2025-01-06 09:39:07 --> [Caused by] mysqli_sql_exception: Unknown column 'peminjaman.tanggal_peminjaman' in 'where clause'
in SYSTEMPATH\Database\MySQLi\Connection.php on line 312.
 1 SYSTEMPATH\Database\MySQLi\Connection.php(312): mysqli->query('SELECT `pengunjung`.`id_anggota`, `pengunjung`.`id_pengunjung`
FROM `peminjaman`
JOIN `pengunjung` ON `pengunjung`.`id_pengunjung` = `peminjaman`.`id_pengunjung`
WHERE DATE(peminjaman.tanggal_peminjaman) = \'2025-01-06\'', 0)
 2 SYSTEMPATH\Database\BaseConnection.php(734): CodeIgniter\Database\MySQLi\Connection->execute('SELECT `pengunjung`.`id_anggota`, `pengunjung`.`id_pengunjung`
FROM `peminjaman`
JOIN `pengunjung` ON `pengunjung`.`id_pengunjung` = `peminjaman`.`id_pengunjung`
WHERE DATE(peminjaman.tanggal_peminjaman) = \'2025-01-06\'')
 3 SYSTEMPATH\Database\BaseConnection.php(648): CodeIgniter\Database\BaseConnection->simpleQuery('SELECT `pengunjung`.`id_anggota`, `pengunjung`.`id_pengunjung`
FROM `peminjaman`
JOIN `pengunjung` ON `pengunjung`.`id_pengunjung` = `peminjaman`.`id_pengunjung`
WHERE DATE(peminjaman.tanggal_peminjaman) = \'2025-01-06\'')
 4 SYSTEMPATH\Database\BaseBuilder.php(1644): CodeIgniter\Database\BaseConnection->query('SELECT `pengunjung`.`id_anggota`, `pengunjung`.`id_pengunjung`
FROM `peminjaman`
JOIN `pengunjung` ON `pengunjung`.`id_pengunjung` = `peminjaman`.`id_pengunjung`
WHERE DATE(peminjaman.tanggal_peminjaman) = :DATE(peminjaman.tanggal_peminjaman):', [...], false)
 5 APPPATH\Models\PinjamModel.php(60): CodeIgniter\Database\BaseBuilder->get()
 6 APPPATH\Controllers\PinjamController.php(42): App\Models\PinjamModel->getPengunjungListPerHari('2025-01-06')
 7 SYSTEMPATH\CodeIgniter.php(933): App\Controllers\PinjamController->tampilanTambah()
 8 SYSTEMPATH\CodeIgniter.php(509): CodeIgniter\CodeIgniter->runController(Object(App\Controllers\PinjamController))
 9 SYSTEMPATH\CodeIgniter.php(355): CodeIgniter\CodeIgniter->handleRequest(null, Object(Config\Cache), false)
10 SYSTEMPATH\Boot.php(325): CodeIgniter\CodeIgniter->run()
11 SYSTEMPATH\Boot.php(67): CodeIgniter\Boot::runCodeIgniter(Object(CodeIgniter\CodeIgniter))
12 FCPATH\index.php(56): CodeIgniter\Boot::bootWeb(Object(Config\Paths))
13 SYSTEMPATH\rewrite.php(44): require_once('C:\\xampp\\htdocs\\Tugas Akhirkur\\public\\index.php')
INFO - 2025-01-06 09:39:11 --> Session: Class initialized using 'CodeIgniter\Session\Handlers\FileHandler' driver.
ERROR - 2025-01-06 09:39:11 --> mysqli_sql_exception: Unknown column 'peminjaman.tanggal_peminjaman' in 'where clause' in C:\xampp\htdocs\Tugas Akhirkur\system\Database\MySQLi\Connection.php:312
Stack trace:
#0 C:\xampp\htdocs\Tugas Akhirkur\system\Database\MySQLi\Connection.php(312): mysqli->query('SELECT `pengunj...', 0)
#1 C:\xampp\htdocs\Tugas Akhirkur\system\Database\BaseConnection.php(734): CodeIgniter\Database\MySQLi\Connection->execute('SELECT `pengunj...')
#2 C:\xampp\htdocs\Tugas Akhirkur\system\Database\BaseConnection.php(648): CodeIgniter\Database\BaseConnection->simpleQuery('SELECT `pengunj...')
#3 C:\xampp\htdocs\Tugas Akhirkur\system\Database\BaseBuilder.php(1644): CodeIgniter\Database\BaseConnection->query('SELECT `pengunj...', Array, false)
#4 C:\xampp\htdocs\Tugas Akhirkur\app\Models\PinjamModel.php(60): CodeIgniter\Database\BaseBuilder->get()
#5 C:\xampp\htdocs\Tugas Akhirkur\app\Controllers\PinjamController.php(42): App\Models\PinjamModel->getPengunjungListPerHari('2025-01-06')
#6 C:\xampp\htdocs\Tugas Akhirkur\system\CodeIgniter.php(933): App\Controllers\PinjamController->tampilanTambah()
#7 C:\xampp\htdocs\Tugas Akhirkur\system\CodeIgniter.php(509): CodeIgniter\CodeIgniter->runController(Object(App\Controllers\PinjamController))
#8 C:\xampp\htdocs\Tugas Akhirkur\system\CodeIgniter.php(355): CodeIgniter\CodeIgniter->handleRequest(NULL, Object(Config\Cache), false)
#9 C:\xampp\htdocs\Tugas Akhirkur\system\Boot.php(325): CodeIgniter\CodeIgniter->run()
#10 C:\xampp\htdocs\Tugas Akhirkur\system\Boot.php(67): CodeIgniter\Boot::runCodeIgniter(Object(CodeIgniter\CodeIgniter))
#11 C:\xampp\htdocs\Tugas Akhirkur\public\index.php(56): CodeIgniter\Boot::bootWeb(Object(Config\Paths))
#12 C:\xampp\htdocs\Tugas Akhirkur\system\rewrite.php(44): require_once('C:\\xampp\\htdocs...')
#13 {main}
CRITICAL - 2025-01-06 09:39:11 --> CodeIgniter\Database\Exceptions\DatabaseException: Unknown column 'peminjaman.tanggal_peminjaman' in 'where clause'
[Method: GET, Route: peminjaman/tampilanTambah]
in SYSTEMPATH\Database\BaseConnection.php on line 688.
 1 SYSTEMPATH\Database\BaseBuilder.php(1644): CodeIgniter\Database\BaseConnection->query('SELECT `pengunjung`.`id_anggota`, `pengunjung`.`id_pengunjung`
FROM `peminjaman`
JOIN `pengunjung` ON `pengunjung`.`id_pengunjung` = `peminjaman`.`id_pengunjung`
WHERE DATE(peminjaman.tanggal_peminjaman) = :DATE(peminjaman.tanggal_peminjaman):', [...], false)
 2 APPPATH\Models\PinjamModel.php(60): CodeIgniter\Database\BaseBuilder->get()
 3 APPPATH\Controllers\PinjamController.php(42): App\Models\PinjamModel->getPengunjungListPerHari('2025-01-06')
 4 SYSTEMPATH\CodeIgniter.php(933): App\Controllers\PinjamController->tampilanTambah()
 5 SYSTEMPATH\CodeIgniter.php(509): CodeIgniter\CodeIgniter->runController(Object(App\Controllers\PinjamController))
 6 SYSTEMPATH\CodeIgniter.php(355): CodeIgniter\CodeIgniter->handleRequest(null, Object(Config\Cache), false)
 7 SYSTEMPATH\Boot.php(325): CodeIgniter\CodeIgniter->run()
 8 SYSTEMPATH\Boot.php(67): CodeIgniter\Boot::runCodeIgniter(Object(CodeIgniter\CodeIgniter))
 9 FCPATH\index.php(56): CodeIgniter\Boot::bootWeb(Object(Config\Paths))
10 SYSTEMPATH\rewrite.php(44): require_once('C:\\xampp\\htdocs\\Tugas Akhirkur\\public\\index.php')
CRITICAL - 2025-01-06 09:39:11 --> [Caused by] CodeIgniter\Database\Exceptions\DatabaseException: Unknown column 'peminjaman.tanggal_peminjaman' in 'where clause'
in SYSTEMPATH\Database\MySQLi\Connection.php on line 317.
 1 SYSTEMPATH\Database\BaseConnection.php(734): CodeIgniter\Database\MySQLi\Connection->execute('SELECT `pengunjung`.`id_anggota`, `pengunjung`.`id_pengunjung`
FROM `peminjaman`
JOIN `pengunjung` ON `pengunjung`.`id_pengunjung` = `peminjaman`.`id_pengunjung`
WHERE DATE(peminjaman.tanggal_peminjaman) = \'2025-01-06\'')
 2 SYSTEMPATH\Database\BaseConnection.php(648): CodeIgniter\Database\BaseConnection->simpleQuery('SELECT `pengunjung`.`id_anggota`, `pengunjung`.`id_pengunjung`
FROM `peminjaman`
JOIN `pengunjung` ON `pengunjung`.`id_pengunjung` = `peminjaman`.`id_pengunjung`
WHERE DATE(peminjaman.tanggal_peminjaman) = \'2025-01-06\'')
 3 SYSTEMPATH\Database\BaseBuilder.php(1644): CodeIgniter\Database\BaseConnection->query('SELECT `pengunjung`.`id_anggota`, `pengunjung`.`id_pengunjung`
FROM `peminjaman`
JOIN `pengunjung` ON `pengunjung`.`id_pengunjung` = `peminjaman`.`id_pengunjung`
WHERE DATE(peminjaman.tanggal_peminjaman) = :DATE(peminjaman.tanggal_peminjaman):', [...], false)
 4 APPPATH\Models\PinjamModel.php(60): CodeIgniter\Database\BaseBuilder->get()
 5 APPPATH\Controllers\PinjamController.php(42): App\Models\PinjamModel->getPengunjungListPerHari('2025-01-06')
 6 SYSTEMPATH\CodeIgniter.php(933): App\Controllers\PinjamController->tampilanTambah()
 7 SYSTEMPATH\CodeIgniter.php(509): CodeIgniter\CodeIgniter->runController(Object(App\Controllers\PinjamController))
 8 SYSTEMPATH\CodeIgniter.php(355): CodeIgniter\CodeIgniter->handleRequest(null, Object(Config\Cache), false)
 9 SYSTEMPATH\Boot.php(325): CodeIgniter\CodeIgniter->run()
10 SYSTEMPATH\Boot.php(67): CodeIgniter\Boot::runCodeIgniter(Object(CodeIgniter\CodeIgniter))
11 FCPATH\index.php(56): CodeIgniter\Boot::bootWeb(Object(Config\Paths))
12 SYSTEMPATH\rewrite.php(44): require_once('C:\\xampp\\htdocs\\Tugas Akhirkur\\public\\index.php')
CRITICAL - 2025-01-06 09:39:11 --> [Caused by] mysqli_sql_exception: Unknown column 'peminjaman.tanggal_peminjaman' in 'where clause'
in SYSTEMPATH\Database\MySQLi\Connection.php on line 312.
 1 SYSTEMPATH\Database\MySQLi\Connection.php(312): mysqli->query('SELECT `pengunjung`.`id_anggota`, `pengunjung`.`id_pengunjung`
FROM `peminjaman`
JOIN `pengunjung` ON `pengunjung`.`id_pengunjung` = `peminjaman`.`id_pengunjung`
WHERE DATE(peminjaman.tanggal_peminjaman) = \'2025-01-06\'', 0)
 2 SYSTEMPATH\Database\BaseConnection.php(734): CodeIgniter\Database\MySQLi\Connection->execute('SELECT `pengunjung`.`id_anggota`, `pengunjung`.`id_pengunjung`
FROM `peminjaman`
JOIN `pengunjung` ON `pengunjung`.`id_pengunjung` = `peminjaman`.`id_pengunjung`
WHERE DATE(peminjaman.tanggal_peminjaman) = \'2025-01-06\'')
 3 SYSTEMPATH\Database\BaseConnection.php(648): CodeIgniter\Database\BaseConnection->simpleQuery('SELECT `pengunjung`.`id_anggota`, `pengunjung`.`id_pengunjung`
FROM `peminjaman`
JOIN `pengunjung` ON `pengunjung`.`id_pengunjung` = `peminjaman`.`id_pengunjung`
WHERE DATE(peminjaman.tanggal_peminjaman) = \'2025-01-06\'')
 4 SYSTEMPATH\Database\BaseBuilder.php(1644): CodeIgniter\Database\BaseConnection->query('SELECT `pengunjung`.`id_anggota`, `pengunjung`.`id_pengunjung`
FROM `peminjaman`
JOIN `pengunjung` ON `pengunjung`.`id_pengunjung` = `peminjaman`.`id_pengunjung`
WHERE DATE(peminjaman.tanggal_peminjaman) = :DATE(peminjaman.tanggal_peminjaman):', [...], false)
 5 APPPATH\Models\PinjamModel.php(60): CodeIgniter\Database\BaseBuilder->get()
 6 APPPATH\Controllers\PinjamController.php(42): App\Models\PinjamModel->getPengunjungListPerHari('2025-01-06')
 7 SYSTEMPATH\CodeIgniter.php(933): App\Controllers\PinjamController->tampilanTambah()
 8 SYSTEMPATH\CodeIgniter.php(509): CodeIgniter\CodeIgniter->runController(Object(App\Controllers\PinjamController))
 9 SYSTEMPATH\CodeIgniter.php(355): CodeIgniter\CodeIgniter->handleRequest(null, Object(Config\Cache), false)
10 SYSTEMPATH\Boot.php(325): CodeIgniter\CodeIgniter->run()
11 SYSTEMPATH\Boot.php(67): CodeIgniter\Boot::runCodeIgniter(Object(CodeIgniter\CodeIgniter))
12 FCPATH\index.php(56): CodeIgniter\Boot::bootWeb(Object(Config\Paths))
13 SYSTEMPATH\rewrite.php(44): require_once('C:\\xampp\\htdocs\\Tugas Akhirkur\\public\\index.php')
INFO - 2025-01-06 09:39:34 --> Session: Class initialized using 'CodeIgniter\Session\Handlers\FileHandler' driver.
INFO - 2025-01-06 09:39:37 --> Session: Class initialized using 'CodeIgniter\Session\Handlers\FileHandler' driver.
INFO - 2025-01-06 09:39:39 --> Session: Class initialized using 'CodeIgniter\Session\Handlers\FileHandler' driver.
ERROR - 2025-01-06 09:39:39 --> mysqli_sql_exception: Unknown column 'peminjaman.tanggal_peminjaman' in 'where clause' in C:\xampp\htdocs\Tugas Akhirkur\system\Database\MySQLi\Connection.php:312
Stack trace:
#0 C:\xampp\htdocs\Tugas Akhirkur\system\Database\MySQLi\Connection.php(312): mysqli->query('SELECT `pengunj...', 0)
#1 C:\xampp\htdocs\Tugas Akhirkur\system\Database\BaseConnection.php(734): CodeIgniter\Database\MySQLi\Connection->execute('SELECT `pengunj...')
#2 C:\xampp\htdocs\Tugas Akhirkur\system\Database\BaseConnection.php(648): CodeIgniter\Database\BaseConnection->simpleQuery('SELECT `pengunj...')
#3 C:\xampp\htdocs\Tugas Akhirkur\system\Database\BaseBuilder.php(1644): CodeIgniter\Database\BaseConnection->query('SELECT `pengunj...', Array, false)
#4 C:\xampp\htdocs\Tugas Akhirkur\app\Models\PinjamModel.php(60): CodeIgniter\Database\BaseBuilder->get()
#5 C:\xampp\htdocs\Tugas Akhirkur\app\Controllers\PinjamController.php(42): App\Models\PinjamModel->getPengunjungListPerHari('2025-01-06')
#6 C:\xampp\htdocs\Tugas Akhirkur\system\CodeIgniter.php(933): App\Controllers\PinjamController->tampilanTambah()
#7 C:\xampp\htdocs\Tugas Akhirkur\system\CodeIgniter.php(509): CodeIgniter\CodeIgniter->runController(Object(App\Controllers\PinjamController))
#8 C:\xampp\htdocs\Tugas Akhirkur\system\CodeIgniter.php(355): CodeIgniter\CodeIgniter->handleRequest(NULL, Object(Config\Cache), false)
#9 C:\xampp\htdocs\Tugas Akhirkur\system\Boot.php(325): CodeIgniter\CodeIgniter->run()
#10 C:\xampp\htdocs\Tugas Akhirkur\system\Boot.php(67): CodeIgniter\Boot::runCodeIgniter(Object(CodeIgniter\CodeIgniter))
#11 C:\xampp\htdocs\Tugas Akhirkur\public\index.php(56): CodeIgniter\Boot::bootWeb(Object(Config\Paths))
#12 C:\xampp\htdocs\Tugas Akhirkur\system\rewrite.php(44): require_once('C:\\xampp\\htdocs...')
#13 {main}
CRITICAL - 2025-01-06 09:39:39 --> CodeIgniter\Database\Exceptions\DatabaseException: Unknown column 'peminjaman.tanggal_peminjaman' in 'where clause'
[Method: GET, Route: peminjaman/tampilanTambah]
in SYSTEMPATH\Database\BaseConnection.php on line 688.
 1 SYSTEMPATH\Database\BaseBuilder.php(1644): CodeIgniter\Database\BaseConnection->query('SELECT `pengunjung`.`id_anggota`, `pengunjung`.`id_pengunjung`
FROM `peminjaman`
JOIN `pengunjung` ON `pengunjung`.`id_pengunjung` = `peminjaman`.`id_pengunjung`
WHERE DATE(peminjaman.tanggal_peminjaman) = :DATE(peminjaman.tanggal_peminjaman):', [...], false)
 2 APPPATH\Models\PinjamModel.php(60): CodeIgniter\Database\BaseBuilder->get()
 3 APPPATH\Controllers\PinjamController.php(42): App\Models\PinjamModel->getPengunjungListPerHari('2025-01-06')
 4 SYSTEMPATH\CodeIgniter.php(933): App\Controllers\PinjamController->tampilanTambah()
 5 SYSTEMPATH\CodeIgniter.php(509): CodeIgniter\CodeIgniter->runController(Object(App\Controllers\PinjamController))
 6 SYSTEMPATH\CodeIgniter.php(355): CodeIgniter\CodeIgniter->handleRequest(null, Object(Config\Cache), false)
 7 SYSTEMPATH\Boot.php(325): CodeIgniter\CodeIgniter->run()
 8 SYSTEMPATH\Boot.php(67): CodeIgniter\Boot::runCodeIgniter(Object(CodeIgniter\CodeIgniter))
 9 FCPATH\index.php(56): CodeIgniter\Boot::bootWeb(Object(Config\Paths))
10 SYSTEMPATH\rewrite.php(44): require_once('C:\\xampp\\htdocs\\Tugas Akhirkur\\public\\index.php')
CRITICAL - 2025-01-06 09:39:39 --> [Caused by] CodeIgniter\Database\Exceptions\DatabaseException: Unknown column 'peminjaman.tanggal_peminjaman' in 'where clause'
in SYSTEMPATH\Database\MySQLi\Connection.php on line 317.
 1 SYSTEMPATH\Database\BaseConnection.php(734): CodeIgniter\Database\MySQLi\Connection->execute('SELECT `pengunjung`.`id_anggota`, `pengunjung`.`id_pengunjung`
FROM `peminjaman`
JOIN `pengunjung` ON `pengunjung`.`id_pengunjung` = `peminjaman`.`id_pengunjung`
WHERE DATE(peminjaman.tanggal_peminjaman) = \'2025-01-06\'')
 2 SYSTEMPATH\Database\BaseConnection.php(648): CodeIgniter\Database\BaseConnection->simpleQuery('SELECT `pengunjung`.`id_anggota`, `pengunjung`.`id_pengunjung`
FROM `peminjaman`
JOIN `pengunjung` ON `pengunjung`.`id_pengunjung` = `peminjaman`.`id_pengunjung`
WHERE DATE(peminjaman.tanggal_peminjaman) = \'2025-01-06\'')
 3 SYSTEMPATH\Database\BaseBuilder.php(1644): CodeIgniter\Database\BaseConnection->query('SELECT `pengunjung`.`id_anggota`, `pengunjung`.`id_pengunjung`
FROM `peminjaman`
JOIN `pengunjung` ON `pengunjung`.`id_pengunjung` = `peminjaman`.`id_pengunjung`
WHERE DATE(peminjaman.tanggal_peminjaman) = :DATE(peminjaman.tanggal_peminjaman):', [...], false)
 4 APPPATH\Models\PinjamModel.php(60): CodeIgniter\Database\BaseBuilder->get()
 5 APPPATH\Controllers\PinjamController.php(42): App\Models\PinjamModel->getPengunjungListPerHari('2025-01-06')
 6 SYSTEMPATH\CodeIgniter.php(933): App\Controllers\PinjamController->tampilanTambah()
 7 SYSTEMPATH\CodeIgniter.php(509): CodeIgniter\CodeIgniter->runController(Object(App\Controllers\PinjamController))
 8 SYSTEMPATH\CodeIgniter.php(355): CodeIgniter\CodeIgniter->handleRequest(null, Object(Config\Cache), false)
 9 SYSTEMPATH\Boot.php(325): CodeIgniter\CodeIgniter->run()
10 SYSTEMPATH\Boot.php(67): CodeIgniter\Boot::runCodeIgniter(Object(CodeIgniter\CodeIgniter))
11 FCPATH\index.php(56): CodeIgniter\Boot::bootWeb(Object(Config\Paths))
12 SYSTEMPATH\rewrite.php(44): require_once('C:\\xampp\\htdocs\\Tugas Akhirkur\\public\\index.php')
CRITICAL - 2025-01-06 09:39:39 --> [Caused by] mysqli_sql_exception: Unknown column 'peminjaman.tanggal_peminjaman' in 'where clause'
in SYSTEMPATH\Database\MySQLi\Connection.php on line 312.
 1 SYSTEMPATH\Database\MySQLi\Connection.php(312): mysqli->query('SELECT `pengunjung`.`id_anggota`, `pengunjung`.`id_pengunjung`
FROM `peminjaman`
JOIN `pengunjung` ON `pengunjung`.`id_pengunjung` = `peminjaman`.`id_pengunjung`
WHERE DATE(peminjaman.tanggal_peminjaman) = \'2025-01-06\'', 0)
 2 SYSTEMPATH\Database\BaseConnection.php(734): CodeIgniter\Database\MySQLi\Connection->execute('SELECT `pengunjung`.`id_anggota`, `pengunjung`.`id_pengunjung`
FROM `peminjaman`
JOIN `pengunjung` ON `pengunjung`.`id_pengunjung` = `peminjaman`.`id_pengunjung`
WHERE DATE(peminjaman.tanggal_peminjaman) = \'2025-01-06\'')
 3 SYSTEMPATH\Database\BaseConnection.php(648): CodeIgniter\Database\BaseConnection->simpleQuery('SELECT `pengunjung`.`id_anggota`, `pengunjung`.`id_pengunjung`
FROM `peminjaman`
JOIN `pengunjung` ON `pengunjung`.`id_pengunjung` = `peminjaman`.`id_pengunjung`
WHERE DATE(peminjaman.tanggal_peminjaman) = \'2025-01-06\'')
 4 SYSTEMPATH\Database\BaseBuilder.php(1644): CodeIgniter\Database\BaseConnection->query('SELECT `pengunjung`.`id_anggota`, `pengunjung`.`id_pengunjung`
FROM `peminjaman`
JOIN `pengunjung` ON `pengunjung`.`id_pengunjung` = `peminjaman`.`id_pengunjung`
WHERE DATE(peminjaman.tanggal_peminjaman) = :DATE(peminjaman.tanggal_peminjaman):', [...], false)
 5 APPPATH\Models\PinjamModel.php(60): CodeIgniter\Database\BaseBuilder->get()
 6 APPPATH\Controllers\PinjamController.php(42): App\Models\PinjamModel->getPengunjungListPerHari('2025-01-06')
 7 SYSTEMPATH\CodeIgniter.php(933): App\Controllers\PinjamController->tampilanTambah()
 8 SYSTEMPATH\CodeIgniter.php(509): CodeIgniter\CodeIgniter->runController(Object(App\Controllers\PinjamController))
 9 SYSTEMPATH\CodeIgniter.php(355): CodeIgniter\CodeIgniter->handleRequest(null, Object(Config\Cache), false)
10 SYSTEMPATH\Boot.php(325): CodeIgniter\CodeIgniter->run()
11 SYSTEMPATH\Boot.php(67): CodeIgniter\Boot::runCodeIgniter(Object(CodeIgniter\CodeIgniter))
12 FCPATH\index.php(56): CodeIgniter\Boot::bootWeb(Object(Config\Paths))
13 SYSTEMPATH\rewrite.php(44): require_once('C:\\xampp\\htdocs\\Tugas Akhirkur\\public\\index.php')
INFO - 2025-01-06 09:39:51 --> Session: Class initialized using 'CodeIgniter\Session\Handlers\FileHandler' driver.
INFO - 2025-01-06 09:39:52 --> Session: Class initialized using 'CodeIgniter\Session\Handlers\FileHandler' driver.
INFO - 2025-01-06 09:39:58 --> Session: Class initialized using 'CodeIgniter\Session\Handlers\FileHandler' driver.
INFO - 2025-01-06 09:39:58 --> Session: Class initialized using 'CodeIgniter\Session\Handlers\FileHandler' driver.
INFO - 2025-01-06 09:40:01 --> Session: Class initialized using 'CodeIgniter\Session\Handlers\FileHandler' driver.
INFO - 2025-01-06 09:40:02 --> Session: Class initialized using 'CodeIgniter\Session\Handlers\FileHandler' driver.
ERROR - 2025-01-06 09:40:02 --> mysqli_sql_exception: Unknown column 'peminjaman.tanggal_peminjaman' in 'where clause' in C:\xampp\htdocs\Tugas Akhirkur\system\Database\MySQLi\Connection.php:312
Stack trace:
#0 C:\xampp\htdocs\Tugas Akhirkur\system\Database\MySQLi\Connection.php(312): mysqli->query('SELECT `pengunj...', 0)
#1 C:\xampp\htdocs\Tugas Akhirkur\system\Database\BaseConnection.php(734): CodeIgniter\Database\MySQLi\Connection->execute('SELECT `pengunj...')
#2 C:\xampp\htdocs\Tugas Akhirkur\system\Database\BaseConnection.php(648): CodeIgniter\Database\BaseConnection->simpleQuery('SELECT `pengunj...')
#3 C:\xampp\htdocs\Tugas Akhirkur\system\Database\BaseBuilder.php(1644): CodeIgniter\Database\BaseConnection->query('SELECT `pengunj...', Array, false)
#4 C:\xampp\htdocs\Tugas Akhirkur\app\Models\PinjamModel.php(60): CodeIgniter\Database\BaseBuilder->get()
#5 C:\xampp\htdocs\Tugas Akhirkur\app\Controllers\PinjamController.php(42): App\Models\PinjamModel->getPengunjungListPerHari('2025-01-06')
#6 C:\xampp\htdocs\Tugas Akhirkur\system\CodeIgniter.php(933): App\Controllers\PinjamController->tampilanTambah()
#7 C:\xampp\htdocs\Tugas Akhirkur\system\CodeIgniter.php(509): CodeIgniter\CodeIgniter->runController(Object(App\Controllers\PinjamController))
#8 C:\xampp\htdocs\Tugas Akhirkur\system\CodeIgniter.php(355): CodeIgniter\CodeIgniter->handleRequest(NULL, Object(Config\Cache), false)
#9 C:\xampp\htdocs\Tugas Akhirkur\system\Boot.php(325): CodeIgniter\CodeIgniter->run()
#10 C:\xampp\htdocs\Tugas Akhirkur\system\Boot.php(67): CodeIgniter\Boot::runCodeIgniter(Object(CodeIgniter\CodeIgniter))
#11 C:\xampp\htdocs\Tugas Akhirkur\public\index.php(56): CodeIgniter\Boot::bootWeb(Object(Config\Paths))
#12 C:\xampp\htdocs\Tugas Akhirkur\system\rewrite.php(44): require_once('C:\\xampp\\htdocs...')
#13 {main}
CRITICAL - 2025-01-06 09:40:02 --> CodeIgniter\Database\Exceptions\DatabaseException: Unknown column 'peminjaman.tanggal_peminjaman' in 'where clause'
[Method: GET, Route: peminjaman/tampilanTambah]
in SYSTEMPATH\Database\BaseConnection.php on line 688.
 1 SYSTEMPATH\Database\BaseBuilder.php(1644): CodeIgniter\Database\BaseConnection->query('SELECT `pengunjung`.`id_anggota`, `pengunjung`.`id_pengunjung`
FROM `peminjaman`
JOIN `pengunjung` ON `pengunjung`.`id_pengunjung` = `peminjaman`.`id_pengunjung`
WHERE DATE(peminjaman.tanggal_peminjaman) = :DATE(peminjaman.tanggal_peminjaman):', [...], false)
 2 APPPATH\Models\PinjamModel.php(60): CodeIgniter\Database\BaseBuilder->get()
 3 APPPATH\Controllers\PinjamController.php(42): App\Models\PinjamModel->getPengunjungListPerHari('2025-01-06')
 4 SYSTEMPATH\CodeIgniter.php(933): App\Controllers\PinjamController->tampilanTambah()
 5 SYSTEMPATH\CodeIgniter.php(509): CodeIgniter\CodeIgniter->runController(Object(App\Controllers\PinjamController))
 6 SYSTEMPATH\CodeIgniter.php(355): CodeIgniter\CodeIgniter->handleRequest(null, Object(Config\Cache), false)
 7 SYSTEMPATH\Boot.php(325): CodeIgniter\CodeIgniter->run()
 8 SYSTEMPATH\Boot.php(67): CodeIgniter\Boot::runCodeIgniter(Object(CodeIgniter\CodeIgniter))
 9 FCPATH\index.php(56): CodeIgniter\Boot::bootWeb(Object(Config\Paths))
10 SYSTEMPATH\rewrite.php(44): require_once('C:\\xampp\\htdocs\\Tugas Akhirkur\\public\\index.php')
CRITICAL - 2025-01-06 09:40:02 --> [Caused by] CodeIgniter\Database\Exceptions\DatabaseException: Unknown column 'peminjaman.tanggal_peminjaman' in 'where clause'
in SYSTEMPATH\Database\MySQLi\Connection.php on line 317.
 1 SYSTEMPATH\Database\BaseConnection.php(734): CodeIgniter\Database\MySQLi\Connection->execute('SELECT `pengunjung`.`id_anggota`, `pengunjung`.`id_pengunjung`
FROM `peminjaman`
JOIN `pengunjung` ON `pengunjung`.`id_pengunjung` = `peminjaman`.`id_pengunjung`
WHERE DATE(peminjaman.tanggal_peminjaman) = \'2025-01-06\'')
 2 SYSTEMPATH\Database\BaseConnection.php(648): CodeIgniter\Database\BaseConnection->simpleQuery('SELECT `pengunjung`.`id_anggota`, `pengunjung`.`id_pengunjung`
FROM `peminjaman`
JOIN `pengunjung` ON `pengunjung`.`id_pengunjung` = `peminjaman`.`id_pengunjung`
WHERE DATE(peminjaman.tanggal_peminjaman) = \'2025-01-06\'')
 3 SYSTEMPATH\Database\BaseBuilder.php(1644): CodeIgniter\Database\BaseConnection->query('SELECT `pengunjung`.`id_anggota`, `pengunjung`.`id_pengunjung`
FROM `peminjaman`
JOIN `pengunjung` ON `pengunjung`.`id_pengunjung` = `peminjaman`.`id_pengunjung`
WHERE DATE(peminjaman.tanggal_peminjaman) = :DATE(peminjaman.tanggal_peminjaman):', [...], false)
 4 APPPATH\Models\PinjamModel.php(60): CodeIgniter\Database\BaseBuilder->get()
 5 APPPATH\Controllers\PinjamController.php(42): App\Models\PinjamModel->getPengunjungListPerHari('2025-01-06')
 6 SYSTEMPATH\CodeIgniter.php(933): App\Controllers\PinjamController->tampilanTambah()
 7 SYSTEMPATH\CodeIgniter.php(509): CodeIgniter\CodeIgniter->runController(Object(App\Controllers\PinjamController))
 8 SYSTEMPATH\CodeIgniter.php(355): CodeIgniter\CodeIgniter->handleRequest(null, Object(Config\Cache), false)
 9 SYSTEMPATH\Boot.php(325): CodeIgniter\CodeIgniter->run()
10 SYSTEMPATH\Boot.php(67): CodeIgniter\Boot::runCodeIgniter(Object(CodeIgniter\CodeIgniter))
11 FCPATH\index.php(56): CodeIgniter\Boot::bootWeb(Object(Config\Paths))
12 SYSTEMPATH\rewrite.php(44): require_once('C:\\xampp\\htdocs\\Tugas Akhirkur\\public\\index.php')
CRITICAL - 2025-01-06 09:40:02 --> [Caused by] mysqli_sql_exception: Unknown column 'peminjaman.tanggal_peminjaman' in 'where clause'
in SYSTEMPATH\Database\MySQLi\Connection.php on line 312.
 1 SYSTEMPATH\Database\MySQLi\Connection.php(312): mysqli->query('SELECT `pengunjung`.`id_anggota`, `pengunjung`.`id_pengunjung`
FROM `peminjaman`
JOIN `pengunjung` ON `pengunjung`.`id_pengunjung` = `peminjaman`.`id_pengunjung`
WHERE DATE(peminjaman.tanggal_peminjaman) = \'2025-01-06\'', 0)
 2 SYSTEMPATH\Database\BaseConnection.php(734): CodeIgniter\Database\MySQLi\Connection->execute('SELECT `pengunjung`.`id_anggota`, `pengunjung`.`id_pengunjung`
FROM `peminjaman`
JOIN `pengunjung` ON `pengunjung`.`id_pengunjung` = `peminjaman`.`id_pengunjung`
WHERE DATE(peminjaman.tanggal_peminjaman) = \'2025-01-06\'')
 3 SYSTEMPATH\Database\BaseConnection.php(648): CodeIgniter\Database\BaseConnection->simpleQuery('SELECT `pengunjung`.`id_anggota`, `pengunjung`.`id_pengunjung`
FROM `peminjaman`
JOIN `pengunjung` ON `pengunjung`.`id_pengunjung` = `peminjaman`.`id_pengunjung`
WHERE DATE(peminjaman.tanggal_peminjaman) = \'2025-01-06\'')
 4 SYSTEMPATH\Database\BaseBuilder.php(1644): CodeIgniter\Database\BaseConnection->query('SELECT `pengunjung`.`id_anggota`, `pengunjung`.`id_pengunjung`
FROM `peminjaman`
JOIN `pengunjung` ON `pengunjung`.`id_pengunjung` = `peminjaman`.`id_pengunjung`
WHERE DATE(peminjaman.tanggal_peminjaman) = :DATE(peminjaman.tanggal_peminjaman):', [...], false)
 5 APPPATH\Models\PinjamModel.php(60): CodeIgniter\Database\BaseBuilder->get()
 6 APPPATH\Controllers\PinjamController.php(42): App\Models\PinjamModel->getPengunjungListPerHari('2025-01-06')
 7 SYSTEMPATH\CodeIgniter.php(933): App\Controllers\PinjamController->tampilanTambah()
 8 SYSTEMPATH\CodeIgniter.php(509): CodeIgniter\CodeIgniter->runController(Object(App\Controllers\PinjamController))
 9 SYSTEMPATH\CodeIgniter.php(355): CodeIgniter\CodeIgniter->handleRequest(null, Object(Config\Cache), false)
10 SYSTEMPATH\Boot.php(325): CodeIgniter\CodeIgniter->run()
11 SYSTEMPATH\Boot.php(67): CodeIgniter\Boot::runCodeIgniter(Object(CodeIgniter\CodeIgniter))
12 FCPATH\index.php(56): CodeIgniter\Boot::bootWeb(Object(Config\Paths))
13 SYSTEMPATH\rewrite.php(44): require_once('C:\\xampp\\htdocs\\Tugas Akhirkur\\public\\index.php')
INFO - 2025-01-06 09:42:45 --> Session: Class initialized using 'CodeIgniter\Session\Handlers\FileHandler' driver.
INFO - 2025-01-06 09:43:31 --> Session: Class initialized using 'CodeIgniter\Session\Handlers\FileHandler' driver.
ERROR - 2025-01-06 09:43:31 --> mysqli_sql_exception: Unknown column 'status' in 'field list' in C:\xampp\htdocs\Tugas Akhirkur\system\Database\MySQLi\Connection.php:312
Stack trace:
#0 C:\xampp\htdocs\Tugas Akhirkur\system\Database\MySQLi\Connection.php(312): mysqli->query('INSERT INTO `pe...', 0)
#1 C:\xampp\htdocs\Tugas Akhirkur\system\Database\BaseConnection.php(734): CodeIgniter\Database\MySQLi\Connection->execute('INSERT INTO `pe...')
#2 C:\xampp\htdocs\Tugas Akhirkur\system\Database\BaseConnection.php(648): CodeIgniter\Database\BaseConnection->simpleQuery('INSERT INTO `pe...')
#3 C:\xampp\htdocs\Tugas Akhirkur\system\Database\BaseBuilder.php(2340): CodeIgniter\Database\BaseConnection->query('INSERT INTO `pe...', Array, false)
#4 C:\xampp\htdocs\Tugas Akhirkur\system\Model.php(394): CodeIgniter\Database\BaseBuilder->insert()
#5 C:\xampp\htdocs\Tugas Akhirkur\system\BaseModel.php(840): CodeIgniter\Model->doInsert(Array)
#6 C:\xampp\htdocs\Tugas Akhirkur\system\Model.php(802): CodeIgniter\BaseModel->insert(Array, false)
#7 C:\xampp\htdocs\Tugas Akhirkur\system\BaseModel.php(751): CodeIgniter\Model->insert(Array, false)
#8 C:\xampp\htdocs\Tugas Akhirkur\app\Controllers\PinjamController.php(132): CodeIgniter\BaseModel->save(Array)
#9 C:\xampp\htdocs\Tugas Akhirkur\system\CodeIgniter.php(933): App\Controllers\PinjamController->tambahPeminjaman()
#10 C:\xampp\htdocs\Tugas Akhirkur\system\CodeIgniter.php(509): CodeIgniter\CodeIgniter->runController(Object(App\Controllers\PinjamController))
#11 C:\xampp\htdocs\Tugas Akhirkur\system\CodeIgniter.php(355): CodeIgniter\CodeIgniter->handleRequest(NULL, Object(Config\Cache), false)
#12 C:\xampp\htdocs\Tugas Akhirkur\system\Boot.php(325): CodeIgniter\CodeIgniter->run()
#13 C:\xampp\htdocs\Tugas Akhirkur\system\Boot.php(67): CodeIgniter\Boot::runCodeIgniter(Object(CodeIgniter\CodeIgniter))
#14 C:\xampp\htdocs\Tugas Akhirkur\public\index.php(56): CodeIgniter\Boot::bootWeb(Object(Config\Paths))
#15 C:\xampp\htdocs\Tugas Akhirkur\system\rewrite.php(44): require_once('C:\\xampp\\htdocs...')
#16 {main}
CRITICAL - 2025-01-06 09:43:31 --> CodeIgniter\Database\Exceptions\DatabaseException: Unknown column 'status' in 'field list'
[Method: POST, Route: peminjaman/tambahPeminjaman]
in SYSTEMPATH\Database\BaseConnection.php on line 688.
 1 SYSTEMPATH\Database\BaseBuilder.php(2340): CodeIgniter\Database\BaseConnection->query('INSERT INTO `peminjaman` (`id_anggota`, `id_buku`, `id_pengunjung`, `jumlah`, `durasi_peminjaman`, `status`) VALUES (:id_anggota:, :id_buku:, :id_pengunjung:, :jumlah:, :durasi_peminjaman:, :status:)', [...], false)
 2 SYSTEMPATH\Model.php(394): CodeIgniter\Database\BaseBuilder->insert()
 3 SYSTEMPATH\BaseModel.php(840): CodeIgniter\Model->doInsert([...])
 4 SYSTEMPATH\Model.php(802): CodeIgniter\BaseModel->insert([...], false)
 5 SYSTEMPATH\BaseModel.php(751): CodeIgniter\Model->insert([...], false)
 6 APPPATH\Controllers\PinjamController.php(132): CodeIgniter\BaseModel->save([...])
 7 SYSTEMPATH\CodeIgniter.php(933): App\Controllers\PinjamController->tambahPeminjaman()
 8 SYSTEMPATH\CodeIgniter.php(509): CodeIgniter\CodeIgniter->runController(Object(App\Controllers\PinjamController))
 9 SYSTEMPATH\CodeIgniter.php(355): CodeIgniter\CodeIgniter->handleRequest(null, Object(Config\Cache), false)
10 SYSTEMPATH\Boot.php(325): CodeIgniter\CodeIgniter->run()
11 SYSTEMPATH\Boot.php(67): CodeIgniter\Boot::runCodeIgniter(Object(CodeIgniter\CodeIgniter))
12 FCPATH\index.php(56): CodeIgniter\Boot::bootWeb(Object(Config\Paths))
13 SYSTEMPATH\rewrite.php(44): require_once('C:\\xampp\\htdocs\\Tugas Akhirkur\\public\\index.php')
CRITICAL - 2025-01-06 09:43:31 --> [Caused by] CodeIgniter\Database\Exceptions\DatabaseException: Unknown column 'status' in 'field list'
in SYSTEMPATH\Database\MySQLi\Connection.php on line 317.
 1 SYSTEMPATH\Database\BaseConnection.php(734): CodeIgniter\Database\MySQLi\Connection->execute('INSERT INTO `peminjaman` (`id_anggota`, `id_buku`, `id_pengunjung`, `jumlah`, `durasi_peminjaman`, `status`) VALUES (\'15002\', \'BP002\', \'5\', \'1\', \'1 bulan\', \'Dipinjam\')')
 2 SYSTEMPATH\Database\BaseConnection.php(648): CodeIgniter\Database\BaseConnection->simpleQuery('INSERT INTO `peminjaman` (`id_anggota`, `id_buku`, `id_pengunjung`, `jumlah`, `durasi_peminjaman`, `status`) VALUES (\'15002\', \'BP002\', \'5\', \'1\', \'1 bulan\', \'Dipinjam\')')
 3 SYSTEMPATH\Database\BaseBuilder.php(2340): CodeIgniter\Database\BaseConnection->query('INSERT INTO `peminjaman` (`id_anggota`, `id_buku`, `id_pengunjung`, `jumlah`, `durasi_peminjaman`, `status`) VALUES (:id_anggota:, :id_buku:, :id_pengunjung:, :jumlah:, :durasi_peminjaman:, :status:)', [...], false)
 4 SYSTEMPATH\Model.php(394): CodeIgniter\Database\BaseBuilder->insert()
 5 SYSTEMPATH\BaseModel.php(840): CodeIgniter\Model->doInsert([...])
 6 SYSTEMPATH\Model.php(802): CodeIgniter\BaseModel->insert([...], false)
 7 SYSTEMPATH\BaseModel.php(751): CodeIgniter\Model->insert([...], false)
 8 APPPATH\Controllers\PinjamController.php(132): CodeIgniter\BaseModel->save([...])
 9 SYSTEMPATH\CodeIgniter.php(933): App\Controllers\PinjamController->tambahPeminjaman()
10 SYSTEMPATH\CodeIgniter.php(509): CodeIgniter\CodeIgniter->runController(Object(App\Controllers\PinjamController))
11 SYSTEMPATH\CodeIgniter.php(355): CodeIgniter\CodeIgniter->handleRequest(null, Object(Config\Cache), false)
12 SYSTEMPATH\Boot.php(325): CodeIgniter\CodeIgniter->run()
13 SYSTEMPATH\Boot.php(67): CodeIgniter\Boot::runCodeIgniter(Object(CodeIgniter\CodeIgniter))
14 FCPATH\index.php(56): CodeIgniter\Boot::bootWeb(Object(Config\Paths))
15 SYSTEMPATH\rewrite.php(44): require_once('C:\\xampp\\htdocs\\Tugas Akhirkur\\public\\index.php')
CRITICAL - 2025-01-06 09:43:31 --> [Caused by] mysqli_sql_exception: Unknown column 'status' in 'field list'
in SYSTEMPATH\Database\MySQLi\Connection.php on line 312.
 1 SYSTEMPATH\Database\MySQLi\Connection.php(312): mysqli->query('INSERT INTO `peminjaman` (`id_anggota`, `id_buku`, `id_pengunjung`, `jumlah`, `durasi_peminjaman`, `status`) VALUES (\'15002\', \'BP002\', \'5\', \'1\', \'1 bulan\', \'Dipinjam\')', 0)
 2 SYSTEMPATH\Database\BaseConnection.php(734): CodeIgniter\Database\MySQLi\Connection->execute('INSERT INTO `peminjaman` (`id_anggota`, `id_buku`, `id_pengunjung`, `jumlah`, `durasi_peminjaman`, `status`) VALUES (\'15002\', \'BP002\', \'5\', \'1\', \'1 bulan\', \'Dipinjam\')')
 3 SYSTEMPATH\Database\BaseConnection.php(648): CodeIgniter\Database\BaseConnection->simpleQuery('INSERT INTO `peminjaman` (`id_anggota`, `id_buku`, `id_pengunjung`, `jumlah`, `durasi_peminjaman`, `status`) VALUES (\'15002\', \'BP002\', \'5\', \'1\', \'1 bulan\', \'Dipinjam\')')
 4 SYSTEMPATH\Database\BaseBuilder.php(2340): CodeIgniter\Database\BaseConnection->query('INSERT INTO `peminjaman` (`id_anggota`, `id_buku`, `id_pengunjung`, `jumlah`, `durasi_peminjaman`, `status`) VALUES (:id_anggota:, :id_buku:, :id_pengunjung:, :jumlah:, :durasi_peminjaman:, :status:)', [...], false)
 5 SYSTEMPATH\Model.php(394): CodeIgniter\Database\BaseBuilder->insert()
 6 SYSTEMPATH\BaseModel.php(840): CodeIgniter\Model->doInsert([...])
 7 SYSTEMPATH\Model.php(802): CodeIgniter\BaseModel->insert([...], false)
 8 SYSTEMPATH\BaseModel.php(751): CodeIgniter\Model->insert([...], false)
 9 APPPATH\Controllers\PinjamController.php(132): CodeIgniter\BaseModel->save([...])
10 SYSTEMPATH\CodeIgniter.php(933): App\Controllers\PinjamController->tambahPeminjaman()
11 SYSTEMPATH\CodeIgniter.php(509): CodeIgniter\CodeIgniter->runController(Object(App\Controllers\PinjamController))
12 SYSTEMPATH\CodeIgniter.php(355): CodeIgniter\CodeIgniter->handleRequest(null, Object(Config\Cache), false)
13 SYSTEMPATH\Boot.php(325): CodeIgniter\CodeIgniter->run()
14 SYSTEMPATH\Boot.php(67): CodeIgniter\Boot::runCodeIgniter(Object(CodeIgniter\CodeIgniter))
15 FCPATH\index.php(56): CodeIgniter\Boot::bootWeb(Object(Config\Paths))
16 SYSTEMPATH\rewrite.php(44): require_once('C:\\xampp\\htdocs\\Tugas Akhirkur\\public\\index.php')
INFO - 2025-01-06 09:44:13 --> Session: Class initialized using 'CodeIgniter\Session\Handlers\FileHandler' driver.
INFO - 2025-01-06 09:44:13 --> Session: Class initialized using 'CodeIgniter\Session\Handlers\FileHandler' driver.
INFO - 2025-01-06 09:44:20 --> Session: Class initialized using 'CodeIgniter\Session\Handlers\FileHandler' driver.
INFO - 2025-01-06 09:44:26 --> Session: Class initialized using 'CodeIgniter\Session\Handlers\FileHandler' driver.
INFO - 2025-01-06 09:44:31 --> Session: Class initialized using 'CodeIgniter\Session\Handlers\FileHandler' driver.
INFO - 2025-01-06 09:44:32 --> Session: Class initialized using 'CodeIgniter\Session\Handlers\FileHandler' driver.
INFO - 2025-01-06 09:44:39 --> Session: Class initialized using 'CodeIgniter\Session\Handlers\FileHandler' driver.
INFO - 2025-01-06 09:44:42 --> Session: Class initialized using 'CodeIgniter\Session\Handlers\FileHandler' driver.
INFO - 2025-01-06 09:48:24 --> Session: Class initialized using 'CodeIgniter\Session\Handlers\FileHandler' driver.
INFO - 2025-01-06 09:52:40 --> Session: Class initialized using 'CodeIgniter\Session\Handlers\FileHandler' driver.
INFO - 2025-01-06 09:52:51 --> Session: Class initialized using 'CodeIgniter\Session\Handlers\FileHandler' driver.
INFO - 2025-01-06 09:52:51 --> Session: Class initialized using 'CodeIgniter\Session\Handlers\FileHandler' driver.
INFO - 2025-01-06 09:53:19 --> Session: Class initialized using 'CodeIgniter\Session\Handlers\FileHandler' driver.
INFO - 2025-01-06 09:53:19 --> Session: Class initialized using 'CodeIgniter\Session\Handlers\FileHandler' driver.
INFO - 2025-01-06 09:53:31 --> Session: Class initialized using 'CodeIgniter\Session\Handlers\FileHandler' driver.
INFO - 2025-01-06 09:53:31 --> Session: Class initialized using 'CodeIgniter\Session\Handlers\FileHandler' driver.
INFO - 2025-01-06 09:55:30 --> Session: Class initialized using 'CodeIgniter\Session\Handlers\FileHandler' driver.
INFO - 2025-01-06 09:55:53 --> Session: Class initialized using 'CodeIgniter\Session\Handlers\FileHandler' driver.
INFO - 2025-01-06 09:55:53 --> Session: Class initialized using 'CodeIgniter\Session\Handlers\FileHandler' driver.
INFO - 2025-01-06 09:55:59 --> Session: Class initialized using 'CodeIgniter\Session\Handlers\FileHandler' driver.
INFO - 2025-01-06 09:55:59 --> Session: Class initialized using 'CodeIgniter\Session\Handlers\FileHandler' driver.
INFO - 2025-01-06 09:56:02 --> Session: Class initialized using 'CodeIgniter\Session\Handlers\FileHandler' driver.
INFO - 2025-01-06 09:56:03 --> Session: Class initialized using 'CodeIgniter\Session\Handlers\FileHandler' driver.
INFO - 2025-01-06 09:56:22 --> Session: Class initialized using 'CodeIgniter\Session\Handlers\FileHandler' driver.
INFO - 2025-01-06 09:56:22 --> Session: Class initialized using 'CodeIgniter\Session\Handlers\FileHandler' driver.
INFO - 2025-01-06 09:56:26 --> Session: Class initialized using 'CodeIgniter\Session\Handlers\FileHandler' driver.
INFO - 2025-01-06 09:56:26 --> Session: Class initialized using 'CodeIgniter\Session\Handlers\FileHandler' driver.
